run_id,method,dataset,scene,execution,psnr,ssim,lpips,process_wall_s,native_train_s,fps,peak_device_mib,peak_torch_allocated_mib,gaussians,evidence_group,curve_export,paper_usage
primary/R1/fastgs_base/bicycle,fastgs_base,mipnerf360,bicycle,R1,24.816343307495117,0.7144729495048523,0.3098362386226654,267.0,214.13713472141586,573.5835105943507,8489.0,5148.15283203125,537255,primary,logs/train/primary/R1/fastgs_base/bicycle/curves.csv.xz,"Main comparison, repeated-execution statistics, and dataset-level ablations"
primary/R1/fastgs_base/flowers,fastgs_base,mipnerf360,flowers,R1,21.176118850708008,0.5596380233764648,0.40684422850608826,260.0,210.61919807875495,579.9110272596163,8237.0,4664.34033203125,486137,primary,logs/train/primary/R1/fastgs_base/flowers/curves.csv.xz,"Main comparison, repeated-execution statistics, and dataset-level ablations"
primary/R1/fastgs_base/garden,fastgs_base,mipnerf360,garden,R1,27.171194076538086,0.8353835940361023,0.17393209040164948,328.0,271.2216202513288,485.19203451238303,9737.0,5089.2900390625,737626,primary,logs/train/primary/R1/fastgs_base/garden/curves.csv.xz,"Main comparison, repeated-execution statistics, and dataset-level ablations"
primary/R1/fastgs_base/stump,fastgs_base,mipnerf360,stump,R1,26.65564727783203,0.7548389434814453,0.29832854866981506,217.0,181.0942843543595,613.4507688054958,6707.0,3495.22265625,382311,primary,logs/train/primary/R1/fastgs_base/stump/curves.csv.xz,"Main comparison, repeated-execution statistics, and dataset-level ablations"
primary/R1/fastgs_base/treehill,fastgs_base,mipnerf360,treehill,R1,22.922605514526367,0.612570583820343,0.4266967475414276,230.0,189.3687480268344,612.4262013884419,7985.0,3863.50439453125,394584,primary,logs/train/primary/R1/fastgs_base/treehill/curves.csv.xz,"Main comparison, repeated-execution statistics, and dataset-level ablations"
primary/R1/fastgs_base/room,fastgs_base,mipnerf360,room,R1,31.891918182373047,0.9199602007865906,0.2172662764787674,213.0,175.32776986666852,660.2627613832009,10997.0,6948.94287109375,207166,primary,logs/train/primary/R1/fastgs_base/room/curves.csv.xz,"Main comparison, repeated-execution statistics, and dataset-level ablations"
primary/R1/fastgs_base/counter,fastgs_base,mipnerf360,counter,R1,29.15576171875,0.9070416688919067,0.2031906098127365,243.0,211.7284048909632,572.7415257998003,9637.0,5564.6416015625,207655,primary,logs/train/primary/R1/fastgs_base/counter/curves.csv.xz,"Main comparison, repeated-execution statistics, and dataset-level ablations"
primary/R1/fastgs_base/kitchen,fastgs_base,mipnerf360,kitchen,R1,31.779306411743164,0.9285762310028076,0.12662453949451447,319.0,280.5983476853979,478.71159262765445,12273.0,6697.734375,377701,primary,logs/train/primary/R1/fastgs_base/kitchen/curves.csv.xz,"Main comparison, repeated-execution statistics, and dataset-level ablations"
primary/R1/fastgs_base/bonsai,fastgs_base,mipnerf360,bonsai,R1,32.20329666137695,0.9409722089767456,0.1903872936964035,244.0,207.1587452441422,609.097303818773,9721.0,6701.2607421875,276965,primary,logs/train/primary/R1/fastgs_base/bonsai/curves.csv.xz,"Main comparison, repeated-execution statistics, and dataset-level ablations"
primary/R1/fastgs_base/truck,fastgs_base,tnt,truck,R1,25.70443344116211,0.8724315166473389,0.1784796267747879,140.0,129.49041682465747,703.0112759707579,5019.0,2157.83544921875,253318,primary,logs/train/primary/R1/fastgs_base/truck/curves.csv.xz,"Main comparison, repeated-execution statistics, and dataset-level ablations"
primary/R1/fastgs_base/train,fastgs_base,tnt,train,R1,22.332260131835938,0.8033003807067871,0.24289803206920624,145.0,134.31057055026594,620.6835016795856,5761.0,2490.0009765625,230106,primary,logs/train/primary/R1/fastgs_base/train/curves.csv.xz,"Main comparison, repeated-execution statistics, and dataset-level ablations"
primary/R1/fastgs_base/drjohnson,fastgs_base,db,drjohnson,R1,29.4884033203125,0.8979911804199219,0.2752212882041931,159.0,146.29360620604868,722.3467934041748,7650.0,4468.8876953125,251102,primary,logs/train/primary/R1/fastgs_base/drjohnson/curves.csv.xz,"Main comparison, repeated-execution statistics, and dataset-level ablations"
primary/R1/fastgs_base/playroom,fastgs_base,db,playroom,R1,30.348594665527344,0.9044257998466492,0.26470518112182617,138.0,127.33237645941549,766.8023877040102,6428.0,3271.60546875,186798,primary,logs/train/primary/R1/fastgs_base/playroom/curves.csv.xz,"Main comparison, repeated-execution statistics, and dataset-level ablations"
primary/R1/skipgs_base/bicycle,skipgs_base,mipnerf360,bicycle,R1,24.803678512573242,0.71285080909729,0.3118745982646942,239.0,186.4528185998041,563.6182105832759,8080.0,5487.64306640625,537210,primary,logs/train/primary/R1/skipgs_base/bicycle/curves.csv.xz,"Main comparison, repeated-execution statistics, and dataset-level ablations"
primary/R1/skipgs_base/flowers,skipgs_base,mipnerf360,flowers,R1,21.19464111328125,0.5581705570220947,0.40848448872566223,235.0,185.51959470321535,576.6069371582402,8192.0,4983.46630859375,486780,primary,logs/train/primary/R1/skipgs_base/flowers/curves.csv.xz,"Main comparison, repeated-execution statistics, and dataset-level ablations"
primary/R1/skipgs_base/garden,skipgs_base,mipnerf360,garden,R1,27.146657943725586,0.8341342806816101,0.17636756598949432,297.0,241.41111411220427,477.05070428942975,8682.0,5386.7431640625,742074,primary,logs/train/primary/R1/skipgs_base/garden/curves.csv.xz,"Main comparison, repeated-execution statistics, and dataset-level ablations"
primary/R1/skipgs_base/stump,skipgs_base,mipnerf360,stump,R1,26.601110458374023,0.7553930282592773,0.29819411039352417,202.0,165.34529662597285,597.7124406855438,6598.0,3833.03271484375,388386,primary,logs/train/primary/R1/skipgs_base/stump/curves.csv.xz,"Main comparison, repeated-execution statistics, and dataset-level ablations"
primary/R1/skipgs_base/treehill,skipgs_base,mipnerf360,treehill,R1,22.838912963867188,0.6101782917976379,0.4305163025856018,211.0,170.51239026768812,609.7587408894417,6870.0,4173.27978515625,390934,primary,logs/train/primary/R1/skipgs_base/treehill/curves.csv.xz,"Main comparison, repeated-execution statistics, and dataset-level ablations"
primary/R1/skipgs_base/room,skipgs_base,mipnerf360,room,R1,31.72152328491211,0.9190576076507568,0.2185230255126953,201.0,163.09633602010618,670.1772758892572,10336.0,7251.978515625,206656,primary,logs/train/primary/R1/skipgs_base/room/curves.csv.xz,"Main comparison, repeated-execution statistics, and dataset-level ablations"
primary/R1/skipgs_base/counter,skipgs_base,mipnerf360,counter,R1,29.04987335205078,0.9058548212051392,0.2054423987865448,216.0,183.65394411752868,578.6808634257867,9865.0,5891.4716796875,207426,primary,logs/train/primary/R1/skipgs_base/counter/curves.csv.xz,"Main comparison, repeated-execution statistics, and dataset-level ablations"
primary/R1/skipgs_base/kitchen,skipgs_base,mipnerf360,kitchen,R1,31.701234817504883,0.9276807308197021,0.12823551893234253,282.0,244.34106549217486,481.9331449147827,11111.0,7073.63232421875,377391,primary,logs/train/primary/R1/skipgs_base/kitchen/curves.csv.xz,"Main comparison, repeated-execution statistics, and dataset-level ablations"
primary/R1/skipgs_base/bonsai,skipgs_base,mipnerf360,bonsai,R1,32.04902648925781,0.9413659572601318,0.19197936356067657,221.0,183.55790060767973,614.5454354991781,10973.0,6996.47607421875,276833,primary,logs/train/primary/R1/skipgs_base/bonsai/curves.csv.xz,"Main comparison, repeated-execution statistics, and dataset-level ablations"
primary/R1/skipgs_base/truck,skipgs_base,tnt,truck,R1,25.586261749267578,0.8711254596710205,0.1809782087802887,121.0,110.9575736187124,709.54547494824,5067.0,2305.259765625,254849,primary,logs/train/primary/R1/skipgs_base/truck/curves.csv.xz,"Main comparison, repeated-execution statistics, and dataset-level ablations"
primary/R1/skipgs_base/train,skipgs_base,tnt,train,R1,22.297122955322266,0.8022491335868835,0.24513530731201172,129.0,118.71602552810656,627.5403122471469,5425.0,2677.12890625,229048,primary,logs/train/primary/R1/skipgs_base/train/curves.csv.xz,"Main comparison, repeated-execution statistics, and dataset-level ablations"
primary/R1/skipgs_base/drjohnson,skipgs_base,db,drjohnson,R1,29.395082473754883,0.8975812792778015,0.277330607175827,138.0,125.72783381512286,724.6931505444695,7677.0,4800.58203125,249272,primary,logs/train/primary/R1/skipgs_base/drjohnson/curves.csv.xz,"Main comparison, repeated-execution statistics, and dataset-level ablations"
primary/R1/skipgs_base/playroom,skipgs_base,db,playroom,R1,30.6140079498291,0.9041120409965515,0.2673068344593048,122.0,111.69123793360794,778.3524333444933,6523.0,3461.19189453125,185089,primary,logs/train/primary/R1/skipgs_base/playroom/curves.csv.xz,"Main comparison, repeated-execution statistics, and dataset-level ablations"
primary/R1/full/bicycle,full,mipnerf360,bicycle,R1,24.744094848632812,0.7119355797767639,0.31302374601364136,229.0,177.36236597949775,570.5498890462013,8209.0,5488.53076171875,533957,primary,logs/train/primary/R1/full/bicycle/curves.csv.xz,"Main comparison, repeated-execution statistics, and dataset-level ablations"
primary/R1/full/flowers,full,mipnerf360,flowers,R1,21.16771125793457,0.5584015250205994,0.4073064923286438,228.0,178.68014281951176,573.6040420650603,7661.0,5003.572265625,493970,primary,logs/train/primary/R1/full/flowers/curves.csv.xz,"Main comparison, repeated-execution statistics, and dataset-level ablations"
primary/R1/full/garden,full,mipnerf360,garden,R1,27.138534545898438,0.8340632915496826,0.17639614641666412,291.0,234.89232121278445,480.74294502979456,8963.0,5419.89794921875,754821,primary,logs/train/primary/R1/full/garden/curves.csv.xz,"Main comparison, repeated-execution statistics, and dataset-level ablations"
primary/R1/full/stump,full,mipnerf360,stump,R1,26.641841888427734,0.7548591494560242,0.29892000555992126,194.0,157.5816783801796,602.2741740845397,6303.0,3860.8359375,392538,primary,logs/train/primary/R1/full/stump/curves.csv.xz,"Main comparison, repeated-execution statistics, and dataset-level ablations"
primary/R1/full/treehill,full,mipnerf360,treehill,R1,22.85276985168457,0.6094557642936707,0.4313873052597046,204.0,162.9771252439166,606.3286706337649,7017.0,4185.36865234375,395893,primary,logs/train/primary/R1/full/treehill/curves.csv.xz,"Main comparison, repeated-execution statistics, and dataset-level ablations"
primary/R1/full/room,full,mipnerf360,room,R1,31.687713623046875,0.9170254468917847,0.2208058089017868,191.0,153.18441178273417,674.7681189481001,10039.0,7269.28466796875,209453,primary,logs/train/primary/R1/full/room/curves.csv.xz,"Main comparison, repeated-execution statistics, and dataset-level ablations"
primary/R1/full/counter,full,mipnerf360,counter,R1,29.020551681518555,0.90511155128479,0.20678168535232544,208.0,176.01789679567472,576.5323352763709,10105.0,5898.5126953125,208077,primary,logs/train/primary/R1/full/counter/curves.csv.xz,"Main comparison, repeated-execution statistics, and dataset-level ablations"
primary/R1/full/kitchen,full,mipnerf360,kitchen,R1,31.57681655883789,0.9271938800811768,0.12896905839443207,273.0,235.64110581557395,471.2814574078821,11493.0,7091.53515625,379577,primary,logs/train/primary/R1/full/kitchen/curves.csv.xz,"Main comparison, repeated-execution statistics, and dataset-level ablations"
primary/R1/full/bonsai,full,mipnerf360,bonsai,R1,31.966510772705078,0.9403252601623535,0.19299165904521942,213.0,175.0551076589706,613.6504549932338,10535.0,7005.91162109375,277985,primary,logs/train/primary/R1/full/bonsai/curves.csv.xz,"Main comparison, repeated-execution statistics, and dataset-level ablations"
primary/R1/full/truck,full,tnt,truck,R1,25.535003662109375,0.8704222440719604,0.18229588866233826,119.0,109.39913038492891,717.6923261196661,5091.0,2317.49462890625,255157,primary,logs/train/primary/R1/full/truck/curves.csv.xz,"Main comparison, repeated-execution statistics, and dataset-level ablations"
primary/R1/full/train,full,tnt,train,R1,22.29887580871582,0.799921989440918,0.24833977222442627,126.0,115.53567625713158,629.8587326872404,5667.0,2672.95068359375,223690,primary,logs/train/primary/R1/full/train/curves.csv.xz,"Main comparison, repeated-execution statistics, and dataset-level ablations"
primary/R1/full/drjohnson,full,db,drjohnson,R1,29.45853614807129,0.8972563147544861,0.2795383632183075,130.0,118.82907237139122,736.2986310632114,7443.0,4781.57958984375,242613,primary,logs/train/primary/R1/full/drjohnson/curves.csv.xz,"Main comparison, repeated-execution statistics, and dataset-level ablations"
primary/R1/full/playroom,full,db,playroom,R1,30.648900985717773,0.9061083197593689,0.2661961615085602,120.0,109.50470537786899,759.2231694925986,6551.0,3519.61669921875,200570,primary,logs/train/primary/R1/full/playroom/curves.csv.xz,"Main comparison, repeated-execution statistics, and dataset-level ablations"
primary/R1/wo_channel/bicycle,wo_channel,mipnerf360,bicycle,R1,24.760908126831055,0.7123165130615234,0.31268632411956787,236.0,183.1701585701416,567.3159004962629,8129.0,5494.18896484375,537199,primary,logs/train/primary/R1/wo_channel/bicycle/curves.csv.xz,"Main comparison, repeated-execution statistics, and dataset-level ablations"
primary/R1/wo_channel/flowers,wo_channel,mipnerf360,flowers,R1,21.186803817749023,0.5571942329406738,0.40943583846092224,232.0,182.62139151144697,581.2880101593591,7749.0,4979.82275390625,486251,primary,logs/train/primary/R1/wo_channel/flowers/curves.csv.xz,"Main comparison, repeated-execution statistics, and dataset-level ablations"
primary/R1/wo_channel/garden,wo_channel,mipnerf360,garden,R1,27.17032814025879,0.8343677520751953,0.1766921430826187,295.0,238.88823492525623,483.98173244337545,8995.0,5385.31103515625,739323,primary,logs/train/primary/R1/wo_channel/garden/curves.csv.xz,"Main comparison, repeated-execution statistics, and dataset-level ablations"
primary/R1/wo_channel/stump,wo_channel,mipnerf360,stump,R1,26.62010955810547,0.7540315389633179,0.2993781566619873,199.0,162.86936772327044,613.123517551691,6257.0,3834.51123046875,387996,primary,logs/train/primary/R1/wo_channel/stump/curves.csv.xz,"Main comparison, repeated-execution statistics, and dataset-level ablations"
primary/R1/wo_channel/treehill,wo_channel,mipnerf360,treehill,R1,22.78829002380371,0.6105771660804749,0.43054714798927307,209.0,167.64942554537515,606.2526381572095,7211.0,4169.2919921875,390038,primary,logs/train/primary/R1/wo_channel/treehill/curves.csv.xz,"Main comparison, repeated-execution statistics, and dataset-level ablations"
primary/R1/wo_channel/room,wo_channel,mipnerf360,room,R1,31.825210571289062,0.9189753532409668,0.21887755393981934,200.0,161.1976319017562,649.4615018251757,9901.0,7244.82470703125,206563,primary,logs/train/primary/R1/wo_channel/room/curves.csv.xz,"Main comparison, repeated-execution statistics, and dataset-level ablations"
primary/R1/wo_channel/counter,wo_channel,mipnerf360,counter,R1,29.036962509155273,0.9055660367012024,0.20594815909862518,221.0,188.4944503425379,558.7417019860479,10301.0,5888.10400390625,206777,primary,logs/train/primary/R1/wo_channel/counter/curves.csv.xz,"Main comparison, repeated-execution statistics, and dataset-level ablations"
primary/R1/wo_channel/kitchen,wo_channel,mipnerf360,kitchen,R1,31.681867599487305,0.9282457828521729,0.1278502196073532,289.0,250.647822922274,465.78176470564347,12210.0,7079.6083984375,378114,primary,logs/train/primary/R1/wo_channel/kitchen/curves.csv.xz,"Main comparison, repeated-execution statistics, and dataset-level ablations"
primary/R1/wo_channel/bonsai,wo_channel,mipnerf360,bonsai,R1,31.8601016998291,0.9398035407066345,0.19249282777309418,220.0,182.62873683210427,618.5616030554213,11029.0,6989.27001953125,274780,primary,logs/train/primary/R1/wo_channel/bonsai/curves.csv.xz,"Main comparison, repeated-execution statistics, and dataset-level ablations"
primary/R1/wo_channel/truck,wo_channel,tnt,truck,R1,25.648107528686523,0.871367871761322,0.18035779893398285,122.0,111.42196714861645,702.86849212288,5107.0,2311.58447265625,256754,primary,logs/train/primary/R1/wo_channel/truck/curves.csv.xz,"Main comparison, repeated-execution statistics, and dataset-level ablations"
primary/R1/wo_channel/train,wo_channel,tnt,train,R1,22.225507736206055,0.8008597493171692,0.24655643105506897,130.0,120.25059471348939,621.3478028038688,5779.0,2675.677734375,228843,primary,logs/train/primary/R1/wo_channel/train/curves.csv.xz,"Main comparison, repeated-execution statistics, and dataset-level ablations"
primary/R1/wo_channel/drjohnson,wo_channel,db,drjohnson,R1,29.487548828125,0.8973333835601807,0.2784535884857178,137.0,124.74728875179407,718.5027471827727,7879.0,4782.69287109375,246894,primary,logs/train/primary/R1/wo_channel/drjohnson/curves.csv.xz,"Main comparison, repeated-execution statistics, and dataset-level ablations"
primary/R1/wo_channel/playroom,wo_channel,db,playroom,R1,30.609601974487305,0.9046737551689148,0.267982542514801,122.0,110.89431963724692,775.3113088737332,7011.0,3459.30810546875,184147,primary,logs/train/primary/R1/wo_channel/playroom/curves.csv.xz,"Main comparison, repeated-execution statistics, and dataset-level ablations"
primary/R1/wo_temporal/bicycle,wo_temporal,mipnerf360,bicycle,R1,24.747663497924805,0.7125431895256042,0.3121987581253052,234.0,181.7512937991493,558.0569644548641,8344.0,5496.65673828125,537306,primary,logs/train/primary/R1/wo_temporal/bicycle/curves.csv.xz,"Main comparison, repeated-execution statistics, and dataset-level ablations"
primary/R1/wo_temporal/flowers,wo_temporal,mipnerf360,flowers,R1,21.18785285949707,0.5590657591819763,0.40661361813545227,233.0,183.09694312920942,552.6574828301372,8604.0,5000.14697265625,492070,primary,logs/train/primary/R1/wo_temporal/flowers/curves.csv.xz,"Main comparison, repeated-execution statistics, and dataset-level ablations"
primary/R1/wo_temporal/garden,wo_temporal,mipnerf360,garden,R1,26.988550186157227,0.8335331082344055,0.17581801116466522,296.0,238.8048996207352,479.92349852272696,8999.0,5421.87646484375,760018,primary,logs/train/primary/R1/wo_temporal/garden/curves.csv.xz,"Main comparison, repeated-execution statistics, and dataset-level ablations"
primary/R1/wo_temporal/stump,wo_temporal,mipnerf360,stump,R1,26.66583251953125,0.755566418170929,0.29875752329826355,198.0,160.8866200576081,612.3928584847203,6600.0,3844.35302734375,388375,primary,logs/train/primary/R1/wo_temporal/stump/curves.csv.xz,"Main comparison, repeated-execution statistics, and dataset-level ablations"
primary/R1/wo_temporal/treehill,wo_temporal,mipnerf360,treehill,R1,22.836557388305664,0.6094717979431152,0.43043839931488037,204.0,162.42142032305236,614.096842990791,7919.0,4185.77880859375,393878,primary,logs/train/primary/R1/wo_temporal/treehill/curves.csv.xz,"Main comparison, repeated-execution statistics, and dataset-level ablations"
primary/R1/wo_temporal/room,wo_temporal,mipnerf360,room,R1,31.66459083557129,0.9180140495300293,0.22010166943073273,192.0,153.13425142968177,683.3642067869313,10640.0,7277.72021484375,208661,primary,logs/train/primary/R1/wo_temporal/room/curves.csv.xz,"Main comparison, repeated-execution statistics, and dataset-level ablations"
primary/R1/wo_temporal/counter,wo_temporal,mipnerf360,counter,R1,29.0009822845459,0.9051482677459717,0.2060997486114502,207.0,175.41683030201548,583.0658009147572,10384.0,5898.77001953125,208468,primary,logs/train/primary/R1/wo_temporal/counter/curves.csv.xz,"Main comparison, repeated-execution statistics, and dataset-level ablations"
primary/R1/wo_temporal/kitchen,wo_temporal,mipnerf360,kitchen,R1,31.692941665649414,0.9275437593460083,0.12846256792545319,272.0,234.47936542588405,479.0199737841038,12154.0,7106.5634765625,380341,primary,logs/train/primary/R1/wo_temporal/kitchen/curves.csv.xz,"Main comparison, repeated-execution statistics, and dataset-level ablations"
primary/R1/wo_temporal/bonsai,wo_temporal,mipnerf360,bonsai,R1,31.99609375,0.9403666853904724,0.19259199500083923,216.0,178.74719457737436,611.8294378895426,9985.0,7007.3984375,278732,primary,logs/train/primary/R1/wo_temporal/bonsai/curves.csv.xz,"Main comparison, repeated-execution statistics, and dataset-level ablations"
primary/R1/wo_temporal/truck,wo_temporal,tnt,truck,R1,25.595985412597656,0.8706728219985962,0.18280816078186035,122.0,111.79730357173312,718.3484594991472,5303.0,2308.90625,253533,primary,logs/train/primary/R1/wo_temporal/truck/curves.csv.xz,"Main comparison, repeated-execution statistics, and dataset-level ablations"
primary/R1/wo_temporal/train,wo_temporal,tnt,train,R1,22.29001808166504,0.8004892468452454,0.2480226755142212,125.0,114.97976451780782,626.8651832378365,5813.0,2674.1611328125,223532,primary,logs/train/primary/R1/wo_temporal/train/curves.csv.xz,"Main comparison, repeated-execution statistics, and dataset-level ablations"
primary/R1/wo_temporal/drjohnson,wo_temporal,db,drjohnson,R1,29.51645851135254,0.8971717953681946,0.27848902344703674,134.0,121.72280735699577,717.1657817140447,7964.0,4801.06494140625,245462,primary,logs/train/primary/R1/wo_temporal/drjohnson/curves.csv.xz,"Main comparison, repeated-execution statistics, and dataset-level ablations"
primary/R1/wo_temporal/playroom,wo_temporal,db,playroom,R1,30.31002426147461,0.9029318690299988,0.26652422547340393,120.0,109.37764296124867,767.3703098158138,6855.0,3491.9990234375,198126,primary,logs/train/primary/R1/wo_temporal/playroom/curves.csv.xz,"Main comparison, repeated-execution statistics, and dataset-level ablations"
primary/R1/wo_densification_aware/bicycle,wo_densification_aware,mipnerf360,bicycle,R1,24.700605392456055,0.7088726162910461,0.3158935606479645,229.0,176.73867300953768,566.3061004757815,8437.0,5496.67822265625,537067,primary,logs/train/primary/R1/wo_densification_aware/bicycle/curves.csv.xz,"Main comparison, repeated-execution statistics, and dataset-level ablations"
primary/R1/wo_densification_aware/flowers,wo_densification_aware,mipnerf360,flowers,R1,21.177934646606445,0.5580276846885681,0.407481849193573,230.0,179.94181066040667,570.6907997532983,8617.0,5022.01806640625,498447,primary,logs/train/primary/R1/wo_densification_aware/flowers/curves.csv.xz,"Main comparison, repeated-execution statistics, and dataset-level ablations"
primary/R1/wo_densification_aware/garden,wo_densification_aware,mipnerf360,garden,R1,27.114091873168945,0.8333671689033508,0.17741042375564575,296.0,239.16331296983378,477.18342174647853,8939.0,5455.0029296875,773614,primary,logs/train/primary/R1/wo_densification_aware/garden/curves.csv.xz,"Main comparison, repeated-execution statistics, and dataset-level ablations"
primary/R1/wo_densification_aware/stump,wo_densification_aware,mipnerf360,stump,R1,26.661144256591797,0.7556397318840027,0.2978648543357849,194.0,157.0290310674841,593.827977926793,6847.0,3844.43798828125,394760,primary,logs/train/primary/R1/wo_densification_aware/stump/curves.csv.xz,"Main comparison, repeated-execution statistics, and dataset-level ablations"
primary/R1/wo_densification_aware/treehill,wo_densification_aware,mipnerf360,treehill,R1,22.84681510925293,0.6088700890541077,0.4331497848033905,204.0,162.2915923984924,600.434681547412,7137.0,4186.71435546875,399479,primary,logs/train/primary/R1/wo_densification_aware/treehill/curves.csv.xz,"Main comparison, repeated-execution statistics, and dataset-level ablations"
primary/R1/wo_densification_aware/room,wo_densification_aware,mipnerf360,room,R1,31.791011810302734,0.9170187711715698,0.22076056897640228,192.0,153.77649987580466,666.0127313271653,10681.0,7279.44970703125,211677,primary,logs/train/primary/R1/wo_densification_aware/room/curves.csv.xz,"Main comparison, repeated-execution statistics, and dataset-level ablations"
primary/R1/wo_densification_aware/counter,wo_densification_aware,mipnerf360,counter,R1,28.932422637939453,0.9042491316795349,0.207414910197258,209.0,176.19714655223805,585.9998819702386,10959.0,5903.6279296875,209875,primary,logs/train/primary/R1/wo_densification_aware/counter/curves.csv.xz,"Main comparison, repeated-execution statistics, and dataset-level ablations"
primary/R1/wo_densification_aware/kitchen,wo_densification_aware,mipnerf360,kitchen,R1,31.65020179748535,0.9272149205207825,0.1288033276796341,271.0,234.38457696220823,481.13299167591987,12965.0,7122.9501953125,382351,primary,logs/train/primary/R1/wo_densification_aware/kitchen/curves.csv.xz,"Main comparison, repeated-execution statistics, and dataset-level ablations"
primary/R1/wo_densification_aware/bonsai,wo_densification_aware,mipnerf360,bonsai,R1,31.873214721679688,0.9394038319587708,0.19375120103359222,208.0,171.35849510840757,625.50310271034,11378.0,7023.78564453125,281787,primary,logs/train/primary/R1/wo_densification_aware/bonsai/curves.csv.xz,"Main comparison, repeated-execution statistics, and dataset-level ablations"
primary/R1/wo_densification_aware/truck,wo_densification_aware,tnt,truck,R1,25.56163787841797,0.8700581789016724,0.18331733345985413,117.0,107.72274772936707,718.3197536859029,5370.0,2323.35498046875,256279,primary,logs/train/primary/R1/wo_densification_aware/truck/curves.csv.xz,"Main comparison, repeated-execution statistics, and dataset-level ablations"
primary/R1/wo_densification_aware/train,wo_densification_aware,tnt,train,R1,22.232507705688477,0.7997117042541504,0.2505718171596527,123.0,112.69252454249693,647.5343205313538,5956.0,2672.6650390625,219157,primary,logs/train/primary/R1/wo_densification_aware/train/curves.csv.xz,"Main comparison, repeated-execution statistics, and dataset-level ablations"
primary/R1/wo_densification_aware/drjohnson,wo_densification_aware,db,drjohnson,R1,29.517187118530273,0.8960161805152893,0.2808619737625122,127.0,115.39827767951236,741.1479500858686,7862.0,4752.63525390625,239812,primary,logs/train/primary/R1/wo_densification_aware/drjohnson/curves.csv.xz,"Main comparison, repeated-execution statistics, and dataset-level ablations"
primary/R1/wo_densification_aware/playroom,wo_densification_aware,db,playroom,R1,30.68094253540039,0.9055514931678772,0.2671433687210083,118.0,107.11338546522524,771.9300430816754,6826.0,3541.12451171875,205861,primary,logs/train/primary/R1/wo_densification_aware/playroom/curves.csv.xz,"Main comparison, repeated-execution statistics, and dataset-level ablations"
primary/R1/wo_ipw/bicycle,wo_ipw,mipnerf360,bicycle,R1,24.215099334716797,0.6412129998207092,0.3903054893016815,190.0,138.528197216744,710.1926487142857,7842.0,4911.9033203125,244368,primary,logs/train/primary/R1/wo_ipw/bicycle/curves.csv.xz,"Main comparison, repeated-execution statistics, and dataset-level ablations"
primary/R1/wo_ipw/flowers,wo_ipw,mipnerf360,flowers,R1,20.436933517456055,0.4842551350593567,0.48199936747550964,184.0,135.01827538811418,747.4537802666545,7733.0,4387.56103515625,202214,primary,logs/train/primary/R1/wo_ipw/flowers/curves.csv.xz,"Main comparison, repeated-execution statistics, and dataset-level ablations"
primary/R1/wo_ipw/garden,wo_ipw,mipnerf360,garden,R1,26.812978744506836,0.8040432333946228,0.2251880168914795,259.0,203.2064666175312,546.8044978819488,8924.0,4919.49560546875,485573,primary,logs/train/primary/R1/wo_ipw/garden/curves.csv.xz,"Main comparison, repeated-execution statistics, and dataset-level ablations"
primary/R1/wo_ipw/stump,wo_ipw,mipnerf360,stump,R1,25.747350692749023,0.693170964717865,0.3770517110824585,162.0,125.62039051893355,757.3065121894219,6292.0,3356.48291015625,166035,primary,logs/train/primary/R1/wo_ipw/stump/curves.csv.xz,"Main comparison, repeated-execution statistics, and dataset-level ablations"
primary/R1/wo_ipw/treehill,wo_ipw,mipnerf360,treehill,R1,22.733779907226562,0.5706588625907898,0.4845353364944458,174.0,134.11244777958711,732.4320626950242,7050.0,3702.826171875,168496,primary,logs/train/primary/R1/wo_ipw/treehill/curves.csv.xz,"Main comparison, repeated-execution statistics, and dataset-level ablations"
primary/R1/wo_ipw/room,wo_ipw,mipnerf360,room,R1,31.561298370361328,0.9104365706443787,0.23687396943569183,184.0,146.25413589479265,707.1722111093475,10682.0,7111.98486328125,146911,primary,logs/train/primary/R1/wo_ipw/room/curves.csv.xz,"Main comparison, repeated-execution statistics, and dataset-level ablations"
primary/R1/wo_ipw/counter,wo_ipw,mipnerf360,counter,R1,28.8487491607666,0.8980081081390381,0.21911057829856873,200.0,167.7233843863076,606.1129833716207,9940.0,5783.2578125,171851,primary,logs/train/primary/R1/wo_ipw/counter/curves.csv.xz,"Main comparison, repeated-execution statistics, and dataset-level ablations"
primary/R1/wo_ipw/kitchen,wo_ipw,mipnerf360,kitchen,R1,31.440317153930664,0.921771228313446,0.13883528113365173,264.0,226.38266768933724,490.1226253862648,10860.0,6916.1923828125,313378,primary,logs/train/primary/R1/wo_ipw/kitchen/curves.csv.xz,"Main comparison, repeated-execution statistics, and dataset-level ablations"
primary/R1/wo_ipw/bonsai,wo_ipw,mipnerf360,bonsai,R1,31.73663902282715,0.9343034625053406,0.20737645030021667,204.0,166.03874024165302,650.4244503577314,10748.0,6860.95361328125,228535,primary,logs/train/primary/R1/wo_ipw/bonsai/curves.csv.xz,"Main comparison, repeated-execution statistics, and dataset-level ablations"
primary/R1/wo_ipw/truck,wo_ipw,tnt,truck,R1,25.317813873291016,0.8579179644584656,0.19920621812343597,111.0,100.50309784903524,741.316934028871,4970.0,2164.77587890625,194526,primary,logs/train/primary/R1/wo_ipw/truck/curves.csv.xz,"Main comparison, repeated-execution statistics, and dataset-level ablations"
primary/R1/wo_ipw/train,wo_ipw,tnt,train,R1,22.015905380249023,0.7750754356384277,0.27703961730003357,118.0,107.42405931511946,682.5595177949953,5802.0,2513.115234375,168120,primary,logs/train/primary/R1/wo_ipw/train/curves.csv.xz,"Main comparison, repeated-execution statistics, and dataset-level ablations"
primary/R1/wo_ipw/drjohnson,wo_ipw,db,drjohnson,R1,29.133071899414062,0.8904348015785217,0.29303109645843506,123.0,111.34390738331028,762.0014037224012,7478.0,4571.68701171875,182337,primary,logs/train/primary/R1/wo_ipw/drjohnson/curves.csv.xz,"Main comparison, repeated-execution statistics, and dataset-level ablations"
primary/R1/wo_ipw/playroom,wo_ipw,db,playroom,R1,30.02435302734375,0.8950743079185486,0.2867943346500397,108.0,97.86509968170942,840.1435969101585,6851.0,3303.72607421875,120936,primary,logs/train/primary/R1/wo_ipw/playroom/curves.csv.xz,"Main comparison, repeated-execution statistics, and dataset-level ablations"
primary/R1/budget_matched_fullrgb/bicycle,budget_matched_fullrgb,mipnerf360,bicycle,R1,24.137117385864258,0.6354261636734009,0.3957848846912384,189.0,137.57653255993637,714.4394251605734,8061.0,4888.90283203125,232382,primary,logs/train/primary/R1/budget_matched_fullrgb/bicycle/curves.csv.xz,"Main comparison, repeated-execution statistics, and dataset-level ablations"
primary/R1/budget_matched_fullrgb/flowers,budget_matched_fullrgb,mipnerf360,flowers,R1,20.389463424682617,0.4812891185283661,0.4860050082206726,182.0,132.77951081932318,747.915636570881,7655.0,4372.35693359375,194321,primary,logs/train/primary/R1/budget_matched_fullrgb/flowers/curves.csv.xz,"Main comparison, repeated-execution statistics, and dataset-level ablations"
primary/R1/budget_matched_fullrgb/garden,budget_matched_fullrgb,mipnerf360,garden,R1,26.731473922729492,0.8009335994720459,0.22904546558856964,255.0,198.79072952852792,555.1933955570804,8953.0,4890.98046875,476100,primary,logs/train/primary/R1/budget_matched_fullrgb/garden/curves.csv.xz,"Main comparison, repeated-execution statistics, and dataset-level ablations"
primary/R1/budget_matched_fullrgb/stump,budget_matched_fullrgb,mipnerf360,stump,R1,25.706329345703125,0.6899516582489014,0.38024240732192993,155.0,119.369773219817,772.1363775548086,6208.0,3343.63330078125,160334,primary,logs/train/primary/R1/budget_matched_fullrgb/stump/curves.csv.xz,"Main comparison, repeated-execution statistics, and dataset-level ablations"
primary/R1/budget_matched_fullrgb/treehill,budget_matched_fullrgb,mipnerf360,treehill,R1,22.61376953125,0.567751944065094,0.4878441095352173,171.0,129.77389609729303,716.3740414246454,6902.0,3688.361328125,162051,primary,logs/train/primary/R1/budget_matched_fullrgb/treehill/curves.csv.xz,"Main comparison, repeated-execution statistics, and dataset-level ablations"
primary/R1/budget_matched_fullrgb/room,budget_matched_fullrgb,mipnerf360,room,R1,31.56733512878418,0.909507155418396,0.23870143294334412,179.0,141.1016565585308,726.2764921384342,10736.0,7100.49609375,144196,primary,logs/train/primary/R1/budget_matched_fullrgb/room/curves.csv.xz,"Main comparison, repeated-execution statistics, and dataset-level ablations"
primary/R1/budget_matched_fullrgb/counter,budget_matched_fullrgb,mipnerf360,counter,R1,28.791645050048828,0.8966355919837952,0.2215108573436737,195.0,162.52194175805522,619.2838921028348,9884.0,5766.0712890625,168001,primary,logs/train/primary/R1/budget_matched_fullrgb/counter/curves.csv.xz,"Main comparison, repeated-execution statistics, and dataset-level ablations"
primary/R1/budget_matched_fullrgb/kitchen,budget_matched_fullrgb,mipnerf360,kitchen,R1,31.382328033447266,0.9205143451690674,0.14175337553024292,255.0,217.48702604405628,493.7143841108068,12272.0,6883.90771484375,302374,primary,logs/train/primary/R1/budget_matched_fullrgb/kitchen/curves.csv.xz,"Main comparison, repeated-execution statistics, and dataset-level ablations"
primary/R1/budget_matched_fullrgb/bonsai,budget_matched_fullrgb,mipnerf360,bonsai,R1,31.681310653686523,0.9335657954216003,0.20980045199394226,198.0,160.95366279229185,655.1694106282056,9910.0,6854.94775390625,225383,primary,logs/train/primary/R1/budget_matched_fullrgb/bonsai/curves.csv.xz,"Main comparison, repeated-execution statistics, and dataset-level ablations"
primary/R1/budget_matched_fullrgb/truck,budget_matched_fullrgb,tnt,truck,R1,25.291948318481445,0.8571667075157166,0.2022494673728943,109.0,98.42638811548794,742.1456635163642,5198.0,2149.333984375,190408,primary,logs/train/primary/R1/budget_matched_fullrgb/truck/curves.csv.xz,"Main comparison, repeated-execution statistics, and dataset-level ablations"
primary/R1/budget_matched_fullrgb/train,budget_matched_fullrgb,tnt,train,R1,22.01142120361328,0.7721063494682312,0.28237542510032654,114.0,103.76171044743039,705.3762498751375,5876.0,2482.244140625,158839,primary,logs/train/primary/R1/budget_matched_fullrgb/train/curves.csv.xz,"Main comparison, repeated-execution statistics, and dataset-level ablations"
primary/R1/budget_matched_fullrgb/drjohnson,budget_matched_fullrgb,db,drjohnson,R1,29.23142433166504,0.8901245594024658,0.2972557842731476,118.0,106.26733148427441,781.3446884108686,7594.0,4544.32861328125,174717,primary,logs/train/primary/R1/budget_matched_fullrgb/drjohnson/curves.csv.xz,"Main comparison, repeated-execution statistics, and dataset-level ablations"
primary/R1/budget_matched_fullrgb/playroom,budget_matched_fullrgb,db,playroom,R1,29.833202362060547,0.8948410153388977,0.29139840602874756,104.0,93.70594764921303,836.3207841915489,6478.0,3281.8251953125,117468,primary,logs/train/primary/R1/budget_matched_fullrgb/playroom/curves.csv.xz,"Main comparison, repeated-execution statistics, and dataset-level ablations"
primary/R2/fastgs_base/bicycle,fastgs_base,mipnerf360,bicycle,R2,24.833280563354492,0.714408278465271,0.31018996238708496,263.0,211.41939087214018,558.5677972573449,7801.0,5154.6416015625,537126,primary,logs/train/primary/R2/fastgs_base/bicycle/curves.csv.xz,"Main comparison, repeated-execution statistics, and dataset-level ablations"
primary/R2/fastgs_base/flowers,fastgs_base,mipnerf360,flowers,R2,21.219924926757812,0.560617983341217,0.4060620367527008,266.0,216.714051003332,583.7354009670677,7711.0,4662.65625,487074,primary,logs/train/primary/R2/fastgs_base/flowers/curves.csv.xz,"Main comparison, repeated-execution statistics, and dataset-level ablations"
primary/R2/fastgs_base/garden,fastgs_base,mipnerf360,garden,R2,27.08207893371582,0.8349230885505676,0.1744508296251297,326.0,270.42824130382553,493.40372290083735,9008.0,5082.40185546875,735531,primary,logs/train/primary/R2/fastgs_base/garden/curves.csv.xz,"Main comparison, repeated-execution statistics, and dataset-level ablations"
primary/R2/fastgs_base/stump,fastgs_base,mipnerf360,stump,R2,26.648632049560547,0.755814254283905,0.2967458963394165,216.0,180.32581468934035,625.2084125428527,6178.0,3500.54296875,385530,primary,logs/train/primary/R2/fastgs_base/stump/curves.csv.xz,"Main comparison, repeated-execution statistics, and dataset-level ablations"
primary/R2/fastgs_base/treehill,fastgs_base,mipnerf360,treehill,R2,22.867855072021484,0.6123090386390686,0.426491379737854,229.0,188.5486049215666,612.2506918204937,6567.0,3865.4794921875,396821,primary,logs/train/primary/R2/fastgs_base/treehill/curves.csv.xz,"Main comparison, repeated-execution statistics, and dataset-level ablations"
primary/R2/fastgs_base/room,fastgs_base,mipnerf360,room,R2,31.939571380615234,0.9196205139160156,0.2169087529182434,217.0,179.8115700783548,667.3819445514285,10181.0,6946.58544921875,207594,primary,logs/train/primary/R2/fastgs_base/room/curves.csv.xz,"Main comparison, repeated-execution statistics, and dataset-level ablations"
primary/R2/fastgs_base/counter,fastgs_base,mipnerf360,counter,R2,29.1614990234375,0.906887412071228,0.20341195166110992,239.0,206.47614349421318,577.9949858182383,9997.0,5563.1396484375,208097,primary,logs/train/primary/R2/fastgs_base/counter/curves.csv.xz,"Main comparison, repeated-execution statistics, and dataset-level ablations"
primary/R2/fastgs_base/kitchen,fastgs_base,mipnerf360,kitchen,R2,31.792308807373047,0.9286131858825684,0.12649671733379364,315.0,277.686793377735,464.5936142683647,12821.0,6701.55078125,379135,primary,logs/train/primary/R2/fastgs_base/kitchen/curves.csv.xz,"Main comparison, repeated-execution statistics, and dataset-level ablations"
primary/R2/fastgs_base/bonsai,fastgs_base,mipnerf360,bonsai,R2,32.21897888183594,0.942081868648529,0.19067418575286865,245.0,206.04587417200693,599.1109812421209,9885.0,6705.474609375,276287,primary,logs/train/primary/R2/fastgs_base/bonsai/curves.csv.xz,"Main comparison, repeated-execution statistics, and dataset-level ablations"
primary/R2/fastgs_base/truck,fastgs_base,tnt,truck,R2,25.693683624267578,0.8724155426025391,0.17843753099441528,140.0,129.35408218920915,703.6439763616918,4844.0,2159.72998046875,253171,primary,logs/train/primary/R2/fastgs_base/truck/curves.csv.xz,"Main comparison, repeated-execution statistics, and dataset-level ablations"
primary/R2/fastgs_base/train,fastgs_base,tnt,train,R2,22.48326873779297,0.8056482672691345,0.2411845177412033,142.0,131.31296715101345,630.2686192602043,5285.0,2494.07080078125,231151,primary,logs/train/primary/R2/fastgs_base/train/curves.csv.xz,"Main comparison, repeated-execution statistics, and dataset-level ablations"
primary/R2/fastgs_base/drjohnson,fastgs_base,db,drjohnson,R2,29.511699676513672,0.897752046585083,0.27439597249031067,154.0,142.59254764096463,708.8254120580632,7498.0,4466.66162109375,249696,primary,logs/train/primary/R2/fastgs_base/drjohnson/curves.csv.xz,"Main comparison, repeated-execution statistics, and dataset-level ablations"
primary/R2/fastgs_base/playroom,fastgs_base,db,playroom,R2,30.561967849731445,0.9057368040084839,0.2640685737133026,139.0,128.0658642339884,739.2150227729743,6413.0,3266.81640625,184785,primary,logs/train/primary/R2/fastgs_base/playroom/curves.csv.xz,"Main comparison, repeated-execution statistics, and dataset-level ablations"
primary/R2/skipgs_base/bicycle,skipgs_base,mipnerf360,bicycle,R2,24.78437042236328,0.7134085297584534,0.31136757135391235,244.0,191.32424406498066,555.605857599548,7555.0,5494.44287109375,542387,primary,logs/train/primary/R2/skipgs_base/bicycle/curves.csv.xz,"Main comparison, repeated-execution statistics, and dataset-level ablations"
primary/R2/skipgs_base/flowers,skipgs_base,mipnerf360,flowers,R2,21.19542694091797,0.5582242012023926,0.4082973301410675,240.0,190.5307063826291,572.5095418786423,7483.0,4979.18310546875,484349,primary,logs/train/primary/R2/skipgs_base/flowers/curves.csv.xz,"Main comparison, repeated-execution statistics, and dataset-level ablations"
primary/R2/skipgs_base/garden,skipgs_base,mipnerf360,garden,R2,27.0848445892334,0.8345165252685547,0.176322340965271,299.0,242.62264302624652,490.02353957191355,8521.0,5391.6328125,742172,primary,logs/train/primary/R2/skipgs_base/garden/curves.csv.xz,"Main comparison, repeated-execution statistics, and dataset-level ablations"
primary/R2/skipgs_base/stump,skipgs_base,mipnerf360,stump,R2,26.69810676574707,0.7554296255111694,0.29823294281959534,201.0,164.98871177298733,610.4618651998791,6222.0,3835.92333984375,388543,primary,logs/train/primary/R2/skipgs_base/stump/curves.csv.xz,"Main comparison, repeated-execution statistics, and dataset-level ablations"
primary/R2/skipgs_base/treehill,skipgs_base,mipnerf360,treehill,R2,22.80047607421875,0.6100899577140808,0.43079084157943726,210.0,168.8446230356235,561.8946517388842,6604.0,4168.16845703125,390954,primary,logs/train/primary/R2/skipgs_base/treehill/curves.csv.xz,"Main comparison, repeated-execution statistics, and dataset-level ablations"
primary/R2/skipgs_base/room,skipgs_base,mipnerf360,room,R2,31.811777114868164,0.9194791913032532,0.2186633199453354,200.0,161.83522152312216,668.291614089455,10297.0,7255.68115234375,206546,primary,logs/train/primary/R2/skipgs_base/room/curves.csv.xz,"Main comparison, repeated-execution statistics, and dataset-level ablations"
primary/R2/skipgs_base/counter,skipgs_base,mipnerf360,counter,R2,29.061376571655273,0.9058400392532349,0.2055552452802658,214.0,182.57693046155796,582.6359043212084,10596.0,5893.564453125,206968,primary,logs/train/primary/R2/skipgs_base/counter/curves.csv.xz,"Main comparison, repeated-execution statistics, and dataset-level ablations"
primary/R2/skipgs_base/kitchen,skipgs_base,mipnerf360,kitchen,R2,31.77630043029785,0.9278008341789246,0.12784811854362488,278.0,241.52284020276815,493.43410136979935,11788.0,7082.17333984375,378236,primary,logs/train/primary/R2/skipgs_base/kitchen/curves.csv.xz,"Main comparison, repeated-execution statistics, and dataset-level ablations"
primary/R2/skipgs_base/bonsai,skipgs_base,mipnerf360,bonsai,R2,32.046321868896484,0.9411594271659851,0.19230294227600098,219.0,181.95440664295344,619.0138490012126,10693.0,6994.8134765625,276125,primary,logs/train/primary/R2/skipgs_base/bonsai/curves.csv.xz,"Main comparison, repeated-execution statistics, and dataset-level ablations"
primary/R2/skipgs_base/truck,skipgs_base,tnt,truck,R2,25.685550689697266,0.8713099360466003,0.18037313222885132,120.0,110.06637748951036,717.7253212959827,4795.0,2306.541015625,254385,primary,logs/train/primary/R2/skipgs_base/truck/curves.csv.xz,"Main comparison, repeated-execution statistics, and dataset-level ablations"
primary/R2/skipgs_base/train,skipgs_base,tnt,train,R2,22.223180770874023,0.801776647567749,0.24501250684261322,129.0,118.20265254750403,637.6911990706619,5890.0,2683.48193359375,229649,primary,logs/train/primary/R2/skipgs_base/train/curves.csv.xz,"Main comparison, repeated-execution statistics, and dataset-level ablations"
primary/R2/skipgs_base/drjohnson,skipgs_base,db,drjohnson,R2,29.426589965820312,0.8966385126113892,0.2778579890727997,136.0,124.16772919339479,726.9703216845555,7324.0,4790.6005859375,247715,primary,logs/train/primary/R2/skipgs_base/drjohnson/curves.csv.xz,"Main comparison, repeated-execution statistics, and dataset-level ablations"
primary/R2/skipgs_base/playroom,skipgs_base,db,playroom,R2,30.655046463012695,0.9058750867843628,0.26656249165534973,121.0,110.35309084322199,791.7331723103514,6410.0,3469.48681640625,184892,primary,logs/train/primary/R2/skipgs_base/playroom/curves.csv.xz,"Main comparison, repeated-execution statistics, and dataset-level ablations"
primary/R2/full/bicycle,full,mipnerf360,bicycle,R2,24.73480987548828,0.7116960883140564,0.31319212913513184,226.0,175.08076933961618,582.0309317610414,7900.0,5496.287109375,537172,primary,logs/train/primary/R2/full/bicycle/curves.csv.xz,"Main comparison, repeated-execution statistics, and dataset-level ablations"
primary/R2/full/flowers,full,mipnerf360,flowers,R2,21.181150436401367,0.5585457682609558,0.4066695272922516,226.0,176.6878470150235,582.3165500508052,7656.0,4998.68505859375,491270,primary,logs/train/primary/R2/full/flowers/curves.csv.xz,"Main comparison, repeated-execution statistics, and dataset-level ablations"
primary/R2/full/garden,full,mipnerf360,garden,R2,27.113725662231445,0.8337813019752502,0.17656157910823822,288.0,231.87187337761895,478.54097188219674,8734.0,5416.9921875,757244,primary,logs/train/primary/R2/full/garden/curves.csv.xz,"Main comparison, repeated-execution statistics, and dataset-level ablations"
primary/R2/full/stump,full,mipnerf360,stump,R2,26.741012573242188,0.7567803859710693,0.29746881127357483,192.0,156.30662374698625,596.8909274411221,6298.0,3863.6328125,395547,primary,logs/train/primary/R2/full/stump/curves.csv.xz,"Main comparison, repeated-execution statistics, and dataset-level ablations"
primary/R2/full/treehill,full,mipnerf360,treehill,R2,22.885643005371094,0.6097977757453918,0.4319137930870056,202.0,161.24554706763627,606.1222224810333,7051.0,4186.32421875,395467,primary,logs/train/primary/R2/full/treehill/curves.csv.xz,"Main comparison, repeated-execution statistics, and dataset-level ablations"
primary/R2/full/room,full,mipnerf360,room,R2,31.724590301513672,0.9171653389930725,0.22025978565216064,190.0,152.11506396622093,670.8813855883351,10073.0,7263.2216796875,210193,primary,logs/train/primary/R2/full/room/curves.csv.xz,"Main comparison, repeated-execution statistics, and dataset-level ablations"
primary/R2/full/counter,full,mipnerf360,counter,R2,28.973499298095703,0.9048447012901306,0.2066981941461563,206.0,174.05248290274622,596.7754191144711,9393.0,5898.77685546875,208242,primary,logs/train/primary/R2/full/counter/curves.csv.xz,"Main comparison, repeated-execution statistics, and dataset-level ablations"
primary/R2/full/kitchen,full,mipnerf360,kitchen,R2,31.597749710083008,0.9271259903907776,0.1289065033197403,270.0,233.0873211095783,469.72271855518323,12039.0,7104.4853515625,379594,primary,logs/train/primary/R2/full/kitchen/curves.csv.xz,"Main comparison, repeated-execution statistics, and dataset-level ablations"
primary/R2/full/bonsai,full,mipnerf360,bonsai,R2,31.907217025756836,0.9396309852600098,0.19273117184638977,212.0,174.68259831094898,622.107140343497,10135.0,7006.34521484375,277294,primary,logs/train/primary/R2/full/bonsai/curves.csv.xz,"Main comparison, repeated-execution statistics, and dataset-level ablations"
primary/R2/full/truck,full,tnt,truck,R2,25.577558517456055,0.86971515417099,0.18292135000228882,117.0,107.80984141518857,716.2010558845637,5383.0,2318.27587890625,254411,primary,logs/train/primary/R2/full/truck/curves.csv.xz,"Main comparison, repeated-execution statistics, and dataset-level ablations"
primary/R2/full/train,full,tnt,train,R2,22.308591842651367,0.8003829717636108,0.24842673540115356,124.0,114.18221160035898,637.4801904785796,5448.0,2679.5068359375,223683,primary,logs/train/primary/R2/full/train/curves.csv.xz,"Main comparison, repeated-execution statistics, and dataset-level ablations"
primary/R2/full/drjohnson,full,db,drjohnson,R2,28.93265151977539,0.8912758231163025,0.2802087664604187,130.0,118.65218331439375,728.0534122005197,7504.0,4790.2744140625,243069,primary,logs/train/primary/R2/full/drjohnson/curves.csv.xz,"Main comparison, repeated-execution statistics, and dataset-level ablations"
primary/R2/full/playroom,full,db,playroom,R2,30.61734962463379,0.9040332436561584,0.2660810053348541,118.0,107.57472973358834,781.5352236822924,6326.0,3501.44970703125,198696,primary,logs/train/primary/R2/full/playroom/curves.csv.xz,"Main comparison, repeated-execution statistics, and dataset-level ablations"
primary/R2/wo_channel/bicycle,wo_channel,mipnerf360,bicycle,R2,24.777263641357422,0.7129639983177185,0.31201571226119995,233.0,181.46187306018223,565.9263561156533,7614.0,5484.9833984375,536394,primary,logs/train/primary/R2/wo_channel/bicycle/curves.csv.xz,"Main comparison, repeated-execution statistics, and dataset-level ablations"
primary/R2/wo_channel/flowers,wo_channel,mipnerf360,flowers,R2,21.175691604614258,0.5577688813209534,0.4087170362472534,231.0,182.0805428609162,576.8280509034175,7648.0,4982.1123046875,486999,primary,logs/train/primary/R2/wo_channel/flowers/curves.csv.xz,"Main comparison, repeated-execution statistics, and dataset-level ablations"
primary/R2/wo_channel/garden,wo_channel,mipnerf360,garden,R2,27.1645565032959,0.834100067615509,0.1776220053434372,293.0,236.41751569507656,483.26111783588453,8971.0,5379.22216796875,734353,primary,logs/train/primary/R2/wo_channel/garden/curves.csv.xz,"Main comparison, repeated-execution statistics, and dataset-level ablations"
primary/R2/wo_channel/stump,wo_channel,mipnerf360,stump,R2,26.67502784729004,0.7551740407943726,0.29854482412338257,198.0,161.65541238204477,612.1697055464043,6034.0,3835.7177734375,387999,primary,logs/train/primary/R2/wo_channel/stump/curves.csv.xz,"Main comparison, repeated-execution statistics, and dataset-level ablations"
primary/R2/wo_channel/treehill,wo_channel,mipnerf360,treehill,R2,22.861661911010742,0.6105018258094788,0.43063315749168396,207.0,166.55631914357295,609.1474778158541,7160.0,4165.65869140625,390954,primary,logs/train/primary/R2/wo_channel/treehill/curves.csv.xz,"Main comparison, repeated-execution statistics, and dataset-level ablations"
primary/R2/wo_channel/room,wo_channel,mipnerf360,room,R2,31.756444931030273,0.9187266230583191,0.21883778274059296,197.0,159.1978350700224,677.7933973124324,10230.0,7257.63916015625,208000,primary,logs/train/primary/R2/wo_channel/room/curves.csv.xz,"Main comparison, repeated-execution statistics, and dataset-level ablations"
primary/R2/wo_channel/counter,wo_channel,mipnerf360,counter,R2,29.02477264404297,0.9055851697921753,0.2061341106891632,212.0,180.49589571021778,581.4521931774123,9808.0,5892.80126953125,207260,primary,logs/train/primary/R2/wo_channel/counter/curves.csv.xz,"Main comparison, repeated-execution statistics, and dataset-level ablations"
primary/R2/wo_channel/kitchen,wo_channel,mipnerf360,kitchen,R2,31.667640686035156,0.9280003309249878,0.12832888960838318,276.0,238.75844453339062,486.81386603973687,11848.0,7078.66064453125,377328,primary,logs/train/primary/R2/wo_channel/kitchen/curves.csv.xz,"Main comparison, repeated-execution statistics, and dataset-level ablations"
primary/R2/wo_channel/bonsai,wo_channel,mipnerf360,bonsai,R2,32.02447509765625,0.9411208629608154,0.19244638085365295,216.0,179.3729974301106,622.915102135184,9928.0,6996.20556640625,276521,primary,logs/train/primary/R2/wo_channel/bonsai/curves.csv.xz,"Main comparison, repeated-execution statistics, and dataset-level ablations"
primary/R2/wo_channel/truck,wo_channel,tnt,truck,R2,25.594261169433594,0.8707055449485779,0.18174126744270325,119.0,109.43219611635351,711.7369829788294,4920.0,2308.111328125,254391,primary,logs/train/primary/R2/wo_channel/truck/curves.csv.xz,"Main comparison, repeated-execution statistics, and dataset-level ablations"
primary/R2/wo_channel/train,wo_channel,tnt,train,R2,22.276363372802734,0.8016597628593445,0.24590155482292175,128.0,117.83489511810414,633.8318457594941,5634.0,2681.35205078125,230016,primary,logs/train/primary/R2/wo_channel/train/curves.csv.xz,"Main comparison, repeated-execution statistics, and dataset-level ablations"
primary/R2/wo_channel/drjohnson,wo_channel,db,drjohnson,R2,29.311302185058594,0.897343635559082,0.27815061807632446,134.0,122.5743906703864,737.488759602292,7631.0,4745.72412109375,248859,primary,logs/train/primary/R2/wo_channel/drjohnson/curves.csv.xz,"Main comparison, repeated-execution statistics, and dataset-level ablations"
primary/R2/wo_channel/playroom,wo_channel,db,playroom,R2,30.749006271362305,0.9056443572044373,0.2682534456253052,120.0,109.54656513011037,786.8853002008674,6369.0,3462.986328125,185014,primary,logs/train/primary/R2/wo_channel/playroom/curves.csv.xz,"Main comparison, repeated-execution statistics, and dataset-level ablations"
primary/R2/wo_temporal/bicycle,wo_temporal,mipnerf360,bicycle,R2,24.755661010742188,0.7123764157295227,0.3122870922088623,229.0,177.36277417920388,569.0835233578151,7969.0,5488.6708984375,536001,primary,logs/train/primary/R2/wo_temporal/bicycle/curves.csv.xz,"Main comparison, repeated-execution statistics, and dataset-level ablations"
primary/R2/wo_temporal/flowers,wo_temporal,mipnerf360,flowers,R2,21.17401123046875,0.5586537718772888,0.40676403045654297,228.0,178.7964633672887,572.0584139237362,7863.0,5002.88232421875,492434,primary,logs/train/primary/R2/wo_temporal/flowers/curves.csv.xz,"Main comparison, repeated-execution statistics, and dataset-level ablations"
primary/R2/wo_temporal/garden,wo_temporal,mipnerf360,garden,R2,27.027345657348633,0.8338920474052429,0.17631690204143524,289.0,233.71927132237755,479.8996791747331,8771.0,5418.599609375,755140,primary,logs/train/primary/R2/wo_temporal/garden/curves.csv.xz,"Main comparison, repeated-execution statistics, and dataset-level ablations"
primary/R2/wo_temporal/stump,wo_temporal,mipnerf360,stump,R2,26.635330200195312,0.756068229675293,0.29735904932022095,195.0,158.58376270381436,606.7489783371307,6477.0,3859.4306640625,396964,primary,logs/train/primary/R2/wo_temporal/stump/curves.csv.xz,"Main comparison, repeated-execution statistics, and dataset-level ablations"
primary/R2/wo_temporal/treehill,wo_temporal,mipnerf360,treehill,R2,22.82638168334961,0.609217643737793,0.4298754930496216,204.0,163.01404331606335,604.0517338641472,6639.0,4188.1689453125,395063,primary,logs/train/primary/R2/wo_temporal/treehill/curves.csv.xz,"Main comparison, repeated-execution statistics, and dataset-level ablations"
primary/R2/wo_temporal/room,wo_temporal,mipnerf360,room,R2,31.705097198486328,0.9176430106163025,0.22022999823093414,192.0,153.92774218739288,670.5582896028603,10271.0,7271.09619140625,210178,primary,logs/train/primary/R2/wo_temporal/room/curves.csv.xz,"Main comparison, repeated-execution statistics, and dataset-level ablations"
primary/R2/wo_temporal/counter,wo_temporal,mipnerf360,counter,R2,28.99383544921875,0.905306875705719,0.20643219351768494,207.0,175.53047201028076,583.2429201857916,9853.0,5896.4609375,208208,primary,logs/train/primary/R2/wo_temporal/counter/curves.csv.xz,"Main comparison, repeated-execution statistics, and dataset-level ablations"
primary/R2/wo_temporal/kitchen,wo_temporal,mipnerf360,kitchen,R2,31.635135650634766,0.9271222949028015,0.1285078525543213,271.0,234.00767659767746,481.2978524259964,13071.0,7104.28369140625,381539,primary,logs/train/primary/R2/wo_temporal/kitchen/curves.csv.xz,"Main comparison, repeated-execution statistics, and dataset-level ablations"
primary/R2/wo_temporal/bonsai,wo_temporal,mipnerf360,bonsai,R2,32.02611541748047,0.9407453536987305,0.19247791171073914,212.0,175.26267026744407,616.1702404475561,10565.0,7010.92578125,277993,primary,logs/train/primary/R2/wo_temporal/bonsai/curves.csv.xz,"Main comparison, repeated-execution statistics, and dataset-level ablations"
primary/R2/wo_temporal/truck,wo_temporal,tnt,truck,R2,25.57830047607422,0.8705623149871826,0.18253102898597717,118.0,108.70911858882073,713.3671527930535,5217.0,2319.5283203125,255425,primary,logs/train/primary/R2/wo_temporal/truck/curves.csv.xz,"Main comparison, repeated-execution statistics, and dataset-level ablations"
primary/R2/wo_temporal/train,wo_temporal,tnt,train,R2,22.259435653686523,0.8001589775085449,0.24762886762619019,125.0,114.93804982297075,646.9631560001209,5693.0,2670.25927734375,223036,primary,logs/train/primary/R2/wo_temporal/train/curves.csv.xz,"Main comparison, repeated-execution statistics, and dataset-level ablations"
primary/R2/wo_temporal/drjohnson,wo_temporal,db,drjohnson,R2,29.391633987426758,0.8974226713180542,0.2787266969680786,131.0,118.74157956047075,736.1372306014492,7637.0,4793.9228515625,246135,primary,logs/train/primary/R2/wo_temporal/drjohnson/curves.csv.xz,"Main comparison, repeated-execution statistics, and dataset-level ablations"
primary/R2/wo_temporal/playroom,wo_temporal,db,playroom,R2,29.566438674926758,0.8999276161193848,0.26683005690574646,119.0,108.6826618277198,782.7978206281912,6473.0,3510.3154296875,198892,primary,logs/train/primary/R2/wo_temporal/playroom/curves.csv.xz,"Main comparison, repeated-execution statistics, and dataset-level ablations"
primary/R2/wo_densification_aware/bicycle,wo_densification_aware,mipnerf360,bicycle,R2,24.702749252319336,0.7093684673309326,0.3152866065502167,225.0,173.1610207148611,576.0557153887228,8093.0,5499.9677734375,537141,primary,logs/train/primary/R2/wo_densification_aware/bicycle/curves.csv.xz,"Main comparison, repeated-execution statistics, and dataset-level ablations"
primary/R2/wo_densification_aware/flowers,wo_densification_aware,mipnerf360,flowers,R2,21.216392517089844,0.5580623745918274,0.4071633517742157,228.0,178.4848443701871,542.6123818775943,8141.0,5021.23046875,501213,primary,logs/train/primary/R2/wo_densification_aware/flowers/curves.csv.xz,"Main comparison, repeated-execution statistics, and dataset-level ablations"
primary/R2/wo_densification_aware/garden,wo_densification_aware,mipnerf360,garden,R2,27.08587074279785,0.8331853747367859,0.17715436220169067,292.0,234.9301371933327,478.96473767637656,9134.0,5457.48828125,775035,primary,logs/train/primary/R2/wo_densification_aware/garden/curves.csv.xz,"Main comparison, repeated-execution statistics, and dataset-level ablations"
primary/R2/wo_densification_aware/stump,wo_densification_aware,mipnerf360,stump,R2,26.648479461669922,0.7540540099143982,0.29980719089508057,190.0,153.95136594640468,608.9970542592438,6966.0,3852.44140625,391291,primary,logs/train/primary/R2/wo_densification_aware/stump/curves.csv.xz,"Main comparison, repeated-execution statistics, and dataset-level ablations"
primary/R2/wo_densification_aware/treehill,wo_densification_aware,mipnerf360,treehill,R2,22.77414321899414,0.6089534163475037,0.43212059140205383,201.0,160.0341303652211,612.3217735223135,7200.0,4178.984375,394698,primary,logs/train/primary/R2/wo_densification_aware/treehill/curves.csv.xz,"Main comparison, repeated-execution statistics, and dataset-level ablations"
primary/R2/wo_densification_aware/room,wo_densification_aware,mipnerf360,room,R2,31.72410774230957,0.9170359969139099,0.22148831188678741,189.0,151.182832012865,673.2770532889651,10646.0,7268.767578125,212486,primary,logs/train/primary/R2/wo_densification_aware/room/curves.csv.xz,"Main comparison, repeated-execution statistics, and dataset-level ablations"
primary/R2/wo_densification_aware/counter,wo_densification_aware,mipnerf360,counter,R2,28.964353561401367,0.904090166091919,0.20813672244548798,205.0,172.55222725553563,590.6631551445138,10508.0,5914.67138671875,209870,primary,logs/train/primary/R2/wo_densification_aware/counter/curves.csv.xz,"Main comparison, repeated-execution statistics, and dataset-level ablations"
primary/R2/wo_densification_aware/kitchen,wo_densification_aware,mipnerf360,kitchen,R2,31.633380889892578,0.9269189238548279,0.12902426719665527,272.0,235.53523917184435,476.1547580462797,12050.0,7112.6630859375,381476,primary,logs/train/primary/R2/wo_densification_aware/kitchen/curves.csv.xz,"Main comparison, repeated-execution statistics, and dataset-level ablations"
primary/R2/wo_densification_aware/bonsai,wo_densification_aware,mipnerf360,bonsai,R2,31.879413604736328,0.9392247796058655,0.19448451697826385,209.0,172.1691778850976,620.5286109952664,10852.0,7019.17529296875,281527,primary,logs/train/primary/R2/wo_densification_aware/bonsai/curves.csv.xz,"Main comparison, repeated-execution statistics, and dataset-level ablations"
primary/R2/wo_densification_aware/truck,wo_densification_aware,tnt,truck,R2,25.55681037902832,0.8694214820861816,0.1837475299835205,119.0,108.68984236694737,716.4356952475435,5466.0,2325.263671875,257300,primary,logs/train/primary/R2/wo_densification_aware/truck/curves.csv.xz,"Main comparison, repeated-execution statistics, and dataset-level ablations"
primary/R2/wo_densification_aware/train,wo_densification_aware,tnt,train,R2,22.34942626953125,0.7991731762886047,0.25099194049835205,124.0,113.52085241983666,649.2495931492477,6386.0,2663.93359375,218433,primary,logs/train/primary/R2/wo_densification_aware/train/curves.csv.xz,"Main comparison, repeated-execution statistics, and dataset-level ablations"
primary/R2/wo_densification_aware/drjohnson,wo_densification_aware,db,drjohnson,R2,29.321624755859375,0.8964359164237976,0.2808912694454193,129.0,116.59077167792512,734.2892731671752,8002.0,4788.291015625,241738,primary,logs/train/primary/R2/wo_densification_aware/drjohnson/curves.csv.xz,"Main comparison, repeated-execution statistics, and dataset-level ablations"
primary/R2/wo_densification_aware/playroom,wo_densification_aware,db,playroom,R2,30.408531188964844,0.9046686887741089,0.26775452494621277,118.0,107.7066654306156,759.1424013122747,6674.0,3537.126953125,204834,primary,logs/train/primary/R2/wo_densification_aware/playroom/curves.csv.xz,"Main comparison, repeated-execution statistics, and dataset-level ablations"
primary/R2/wo_ipw/bicycle,wo_ipw,mipnerf360,bicycle,R2,24.194477081298828,0.640136182308197,0.39101913571357727,189.0,138.6794575852583,709.8486957331742,7806.0,4909.29736328125,243877,primary,logs/train/primary/R2/wo_ipw/bicycle/curves.csv.xz,"Main comparison, repeated-execution statistics, and dataset-level ablations"
primary/R2/wo_ipw/flowers,wo_ipw,mipnerf360,flowers,R2,20.443134307861328,0.48486584424972534,0.4817889928817749,180.0,132.1873086103073,758.709446558609,7686.0,4389.8818359375,202593,primary,logs/train/primary/R2/wo_ipw/flowers/curves.csv.xz,"Main comparison, repeated-execution statistics, and dataset-level ablations"
primary/R2/wo_ipw/garden,wo_ipw,mipnerf360,garden,R2,26.75884437561035,0.8040043711662292,0.22550387680530548,253.0,197.01212207155268,565.8099981479781,8512.0,4918.271484375,485048,primary,logs/train/primary/R2/wo_ipw/garden/curves.csv.xz,"Main comparison, repeated-execution statistics, and dataset-level ablations"
primary/R2/wo_ipw/stump,wo_ipw,mipnerf360,stump,R2,25.74148941040039,0.6935215592384338,0.3770217001438141,158.0,122.5747872562275,779.5722997184338,6330.0,3367.4150390625,166003,primary,logs/train/primary/R2/wo_ipw/stump/curves.csv.xz,"Main comparison, repeated-execution statistics, and dataset-level ablations"
primary/R2/wo_ipw/treehill,wo_ipw,mipnerf360,treehill,R2,22.64299774169922,0.5693498253822327,0.48507240414619446,171.0,130.86936672616216,748.2176165857882,6766.0,3713.29150390625,168776,primary,logs/train/primary/R2/wo_ipw/treehill/curves.csv.xz,"Main comparison, repeated-execution statistics, and dataset-level ablations"
primary/R2/wo_ipw/room,wo_ipw,mipnerf360,room,R2,31.60391616821289,0.911011815071106,0.23593762516975403,181.0,142.83761687013774,734.9659878551606,10514.0,7116.6904296875,147345,primary,logs/train/primary/R2/wo_ipw/room/curves.csv.xz,"Main comparison, repeated-execution statistics, and dataset-level ablations"
primary/R2/wo_ipw/counter,wo_ipw,mipnerf360,counter,R2,28.803157806396484,0.8981300592422485,0.2188674807548523,197.0,164.56945844851236,620.2224676278707,9832.0,5786.3203125,171648,primary,logs/train/primary/R2/wo_ipw/counter/curves.csv.xz,"Main comparison, repeated-execution statistics, and dataset-level ablations"
primary/R2/wo_ipw/kitchen,wo_ipw,mipnerf360,kitchen,R2,31.49959945678711,0.9218037128448486,0.13856303691864014,258.0,219.65042235696228,491.8270757477937,12162.0,6921.74755859375,312452,primary,logs/train/primary/R2/wo_ipw/kitchen/curves.csv.xz,"Main comparison, repeated-execution statistics, and dataset-level ablations"
primary/R2/wo_ipw/bonsai,wo_ipw,mipnerf360,bonsai,R2,31.586429595947266,0.9326392412185669,0.20758962631225586,198.0,161.38573161442716,656.5265471251305,10328.0,6859.08251953125,228195,primary,logs/train/primary/R2/wo_ipw/bonsai/curves.csv.xz,"Main comparison, repeated-execution statistics, and dataset-level ablations"
primary/R2/wo_ipw/truck,wo_ipw,tnt,truck,R2,25.356515884399414,0.8581722378730774,0.1996903419494629,108.0,98.69743392495994,758.0347851420529,4942.0,2159.91748046875,194467,primary,logs/train/primary/R2/wo_ipw/truck/curves.csv.xz,"Main comparison, repeated-execution statistics, and dataset-level ablations"
primary/R2/wo_ipw/train,wo_ipw,tnt,train,R2,22.201976776123047,0.774986982345581,0.2773568630218506,114.0,104.62029960186611,702.6993116163299,6206.0,2505.74853515625,166916,primary,logs/train/primary/R2/wo_ipw/train/curves.csv.xz,"Main comparison, repeated-execution statistics, and dataset-level ablations"
primary/R2/wo_ipw/drjohnson,wo_ipw,db,drjohnson,R2,29.260576248168945,0.8917738199234009,0.29297468066215515,119.0,108.45445107815301,789.7959563771072,7274.0,4569.97802734375,182229,primary,logs/train/primary/R2/wo_ipw/drjohnson/curves.csv.xz,"Main comparison, repeated-execution statistics, and dataset-level ablations"
primary/R2/wo_ipw/playroom,wo_ipw,db,playroom,R2,30.310941696166992,0.8980318307876587,0.2866499125957489,106.0,95.83769333660895,845.349351824876,6488.0,3306.416015625,120719,primary,logs/train/primary/R2/wo_ipw/playroom/curves.csv.xz,"Main comparison, repeated-execution statistics, and dataset-level ablations"
primary/R2/budget_matched_fullrgb/bicycle,budget_matched_fullrgb,mipnerf360,bicycle,R2,24.130962371826172,0.6351968050003052,0.3962327241897583,185.0,133.8200763401905,719.8302529196058,7670.0,4885.1513671875,232989,primary,logs/train/primary/R2/budget_matched_fullrgb/bicycle/curves.csv.xz,"Main comparison, repeated-execution statistics, and dataset-level ablations"
primary/R2/budget_matched_fullrgb/flowers,budget_matched_fullrgb,mipnerf360,flowers,R2,20.39147186279297,0.4805278778076172,0.48649266362190247,176.0,128.08067953960747,762.1995961133842,7506.0,4367.697265625,194119,primary,logs/train/primary/R2/budget_matched_fullrgb/flowers/curves.csv.xz,"Main comparison, repeated-execution statistics, and dataset-level ablations"
primary/R2/budget_matched_fullrgb/garden,budget_matched_fullrgb,mipnerf360,garden,R2,26.720212936401367,0.8004096150398254,0.2301306277513504,247.0,191.8353116435337,572.0276825208248,8674.0,4893.328125,475248,primary,logs/train/primary/R2/budget_matched_fullrgb/garden/curves.csv.xz,"Main comparison, repeated-execution statistics, and dataset-level ablations"
primary/R2/budget_matched_fullrgb/stump,budget_matched_fullrgb,mipnerf360,stump,R2,25.631793975830078,0.6895946264266968,0.38016700744628906,153.0,116.87315614635793,784.9930096891136,5916.0,3347.28759765625,161444,primary,logs/train/primary/R2/budget_matched_fullrgb/stump/curves.csv.xz,"Main comparison, repeated-execution statistics, and dataset-level ablations"
primary/R2/budget_matched_fullrgb/treehill,budget_matched_fullrgb,mipnerf360,treehill,R2,22.657794952392578,0.5675826668739319,0.4885943830013275,166.0,125.84074181711149,757.1691779984423,6402.0,3694.541015625,161220,primary,logs/train/primary/R2/budget_matched_fullrgb/treehill/curves.csv.xz,"Main comparison, repeated-execution statistics, and dataset-level ablations"
primary/R2/budget_matched_fullrgb/room,budget_matched_fullrgb,mipnerf360,room,R2,31.396093368530273,0.9091528058052063,0.23974189162254333,175.0,136.7394426862809,731.254672437959,10070.0,7095.20361328125,143954,primary,logs/train/primary/R2/budget_matched_fullrgb/room/curves.csv.xz,"Main comparison, repeated-execution statistics, and dataset-level ablations"
primary/R2/budget_matched_fullrgb/counter,budget_matched_fullrgb,mipnerf360,counter,R2,28.79340171813965,0.8968430757522583,0.22100591659545898,191.0,158.73331427724014,635.3786818120074,9546.0,5776.04052734375,168396,primary,logs/train/primary/R2/budget_matched_fullrgb/counter/curves.csv.xz,"Main comparison, repeated-execution statistics, and dataset-level ablations"
primary/R2/budget_matched_fullrgb/kitchen,budget_matched_fullrgb,mipnerf360,kitchen,R2,31.398143768310547,0.9205939173698425,0.1414937525987625,248.0,210.56530597836894,519.9591273293406,11982.0,6892.046875,302441,primary,logs/train/primary/R2/budget_matched_fullrgb/kitchen/curves.csv.xz,"Main comparison, repeated-execution statistics, and dataset-level ablations"
primary/R2/budget_matched_fullrgb/bonsai,budget_matched_fullrgb,mipnerf360,bonsai,R2,31.711200714111328,0.9333638548851013,0.20878168940544128,193.0,155.62440390086712,672.780779425447,10096.0,6857.6484375,225837,primary,logs/train/primary/R2/budget_matched_fullrgb/bonsai/curves.csv.xz,"Main comparison, repeated-execution statistics, and dataset-level ablations"
primary/R2/budget_matched_fullrgb/truck,budget_matched_fullrgb,tnt,truck,R2,25.314659118652344,0.8571888208389282,0.20270973443984985,106.0,95.86168264391863,764.0394366847148,4478.0,2155.2275390625,190713,primary,logs/train/primary/R2/budget_matched_fullrgb/truck/curves.csv.xz,"Main comparison, repeated-execution statistics, and dataset-level ablations"
primary/R2/budget_matched_fullrgb/train,budget_matched_fullrgb,tnt,train,R2,22.060569763183594,0.773318350315094,0.2819462716579437,111.0,101.1545595170954,710.5122683152173,5208.0,2482.2705078125,158999,primary,logs/train/primary/R2/budget_matched_fullrgb/train/curves.csv.xz,"Main comparison, repeated-execution statistics, and dataset-level ablations"
primary/R2/budget_matched_fullrgb/drjohnson,budget_matched_fullrgb,db,drjohnson,R2,29.131229400634766,0.8897801637649536,0.2966761589050293,116.0,104.33902562165548,792.7553530161093,7092.0,4530.3544921875,175244,primary,logs/train/primary/R2/budget_matched_fullrgb/drjohnson/curves.csv.xz,"Main comparison, repeated-execution statistics, and dataset-level ablations"
primary/R2/budget_matched_fullrgb/playroom,budget_matched_fullrgb,db,playroom,R2,29.986692428588867,0.8948519229888916,0.288350373506546,102.0,91.49737345075938,857.9294112654967,5974.0,3283.369140625,116277,primary,logs/train/primary/R2/budget_matched_fullrgb/playroom/curves.csv.xz,"Main comparison, repeated-execution statistics, and dataset-level ablations"
primary/R3/fastgs_base/bicycle,fastgs_base,mipnerf360,bicycle,R3,24.839984893798828,0.7149527668952942,0.309543251991272,269.0,216.7278367681487,542.3700086334288,8126.0,5156.49267578125,539521,primary,logs/train/primary/R3/fastgs_base/bicycle/curves.csv.xz,"Main comparison, repeated-execution statistics, and dataset-level ablations"
primary/R3/fastgs_base/flowers,fastgs_base,mipnerf360,flowers,R3,21.198774337768555,0.5599334239959717,0.4064369201660156,269.0,218.96742123712235,570.5078489780026,7810.0,4666.61328125,486776,primary,logs/train/primary/R3/fastgs_base/flowers/curves.csv.xz,"Main comparison, repeated-execution statistics, and dataset-level ablations"
primary/R3/fastgs_base/garden,fastgs_base,mipnerf360,garden,R3,27.139692306518555,0.8353591561317444,0.17405331134796143,340.0,283.732955790951,456.7112744749786,9238.0,5091.78076171875,742114,primary,logs/train/primary/R3/fastgs_base/garden/curves.csv.xz,"Main comparison, repeated-execution statistics, and dataset-level ablations"
primary/R3/fastgs_base/stump,fastgs_base,mipnerf360,stump,R3,26.668079376220703,0.7558202743530273,0.29657837748527527,228.0,191.29549245000322,579.1463333470492,6409.0,3504.7548828125,387444,primary,logs/train/primary/R3/fastgs_base/stump/curves.csv.xz,"Main comparison, repeated-execution statistics, and dataset-level ablations"
primary/R3/fastgs_base/treehill,fastgs_base,mipnerf360,treehill,R3,22.909114837646484,0.6124265193939209,0.4267631769180298,241.0,199.6674139031491,581.4858801361017,6749.0,3864.01025390625,393555,primary,logs/train/primary/R3/fastgs_base/treehill/curves.csv.xz,"Main comparison, repeated-execution statistics, and dataset-level ablations"
primary/R3/fastgs_base/room,fastgs_base,mipnerf360,room,R3,31.981029510498047,0.9200716018676758,0.21695682406425476,223.0,184.23240400523542,652.4171525448245,10557.0,6947.56103515625,207745,primary,logs/train/primary/R3/fastgs_base/room/curves.csv.xz,"Main comparison, repeated-execution statistics, and dataset-level ablations"
primary/R3/fastgs_base/counter,fastgs_base,mipnerf360,counter,R3,29.16512680053711,0.906960129737854,0.20356188714504242,247.0,213.5395574773773,578.6196666372039,9861.0,5558.89599609375,208348,primary,logs/train/primary/R3/fastgs_base/counter/curves.csv.xz,"Main comparison, repeated-execution statistics, and dataset-level ablations"
primary/R3/fastgs_base/kitchen,fastgs_base,mipnerf360,kitchen,R3,31.757062911987305,0.9285037517547607,0.12687987089157104,320.0,283.02468229333164,477.1011843220433,11893.0,6697.94384765625,376543,primary,logs/train/primary/R3/fastgs_base/kitchen/curves.csv.xz,"Main comparison, repeated-execution statistics, and dataset-level ablations"
primary/R3/fastgs_base/bonsai,fastgs_base,mipnerf360,bonsai,R3,32.257015228271484,0.9420056939125061,0.19077134132385254,247.0,209.1436330905302,614.475771505608,10253.0,6703.8876953125,276212,primary,logs/train/primary/R3/fastgs_base/bonsai/curves.csv.xz,"Main comparison, repeated-execution statistics, and dataset-level ablations"
primary/R3/fastgs_base/truck,fastgs_base,tnt,truck,R3,25.652019500732422,0.8725431561470032,0.17826762795448303,139.0,128.18199096459762,701.0554515730149,5561.0,2159.5126953125,253401,primary,logs/train/primary/R3/fastgs_base/truck/curves.csv.xz,"Main comparison, repeated-execution statistics, and dataset-level ablations"
primary/R3/fastgs_base/train,fastgs_base,tnt,train,R3,22.715246200561523,0.8071846961975098,0.24061687290668488,143.0,132.4530824551556,613.648583272621,5597.0,2492.95263671875,230345,primary,logs/train/primary/R3/fastgs_base/train/curves.csv.xz,"Main comparison, repeated-execution statistics, and dataset-level ablations"
primary/R3/fastgs_base/drjohnson,fastgs_base,db,drjohnson,R3,29.60490608215332,0.8982833027839661,0.2748255133628845,157.0,145.10826631421526,715.0330468086345,7569.0,4471.22216796875,251839,primary,logs/train/primary/R3/fastgs_base/drjohnson/curves.csv.xz,"Main comparison, repeated-execution statistics, and dataset-level ablations"
primary/R3/fastgs_base/playroom,fastgs_base,db,playroom,R3,30.415401458740234,0.9043221473693848,0.26608824729919434,138.0,126.79353503938017,784.7119654897132,6669.0,3267.69140625,185276,primary,logs/train/primary/R3/fastgs_base/playroom/curves.csv.xz,"Main comparison, repeated-execution statistics, and dataset-level ablations"
primary/R3/skipgs_base/bicycle,skipgs_base,mipnerf360,bicycle,R3,24.777788162231445,0.712475061416626,0.3126157224178314,247.0,188.46969186427947,548.7905773086619,8041.0,5479.31396484375,534544,primary,logs/train/primary/R3/skipgs_base/bicycle/curves.csv.xz,"Main comparison, repeated-execution statistics, and dataset-level ablations"
primary/R3/skipgs_base/flowers,skipgs_base,mipnerf360,flowers,R3,21.167482376098633,0.557884931564331,0.4085480570793152,237.0,186.99122341027604,572.077934445171,8121.0,4974.2294921875,483916,primary,logs/train/primary/R3/skipgs_base/flowers/curves.csv.xz,"Main comparison, repeated-execution statistics, and dataset-level ablations"
primary/R3/skipgs_base/garden,skipgs_base,mipnerf360,garden,R3,27.14373016357422,0.8341603875160217,0.17639772593975067,300.0,243.61275317915258,480.17169225039265,9101.0,5387.951171875,739534,primary,logs/train/primary/R3/skipgs_base/garden/curves.csv.xz,"Main comparison, repeated-execution statistics, and dataset-level ablations"
primary/R3/skipgs_base/stump,skipgs_base,mipnerf360,stump,R3,26.61171531677246,0.7548412680625916,0.2988414466381073,203.0,166.89261515381946,606.8667918317078,6435.0,3831.62841796875,385392,primary,logs/train/primary/R3/skipgs_base/stump/curves.csv.xz,"Main comparison, repeated-execution statistics, and dataset-level ablations"
primary/R3/skipgs_base/treehill,skipgs_base,mipnerf360,treehill,R3,22.866172790527344,0.6103975772857666,0.42970991134643555,213.0,171.56674440418925,612.6565347933913,6901.0,4168.794921875,389743,primary,logs/train/primary/R3/skipgs_base/treehill/curves.csv.xz,"Main comparison, repeated-execution statistics, and dataset-level ablations"
primary/R3/skipgs_base/room,skipgs_base,mipnerf360,room,R3,31.727754592895508,0.9189645051956177,0.21858535706996918,202.0,163.71341933275187,676.8256110262105,10689.0,7251.71923828125,206207,primary,logs/train/primary/R3/skipgs_base/room/curves.csv.xz,"Main comparison, repeated-execution statistics, and dataset-level ablations"
primary/R3/skipgs_base/counter,skipgs_base,mipnerf360,counter,R3,29.061016082763672,0.9059579372406006,0.2051970213651657,217.0,185.35377450221594,575.3851694800342,10119.0,5893.6884765625,207448,primary,logs/train/primary/R3/skipgs_base/counter/curves.csv.xz,"Main comparison, repeated-execution statistics, and dataset-level ablations"
primary/R3/skipgs_base/kitchen,skipgs_base,mipnerf360,kitchen,R3,31.713584899902344,0.9279891848564148,0.12792372703552246,288.0,249.57592055370677,477.96843411242975,11665.0,7093.00537109375,378213,primary,logs/train/primary/R3/skipgs_base/kitchen/curves.csv.xz,"Main comparison, repeated-execution statistics, and dataset-level ablations"
primary/R3/skipgs_base/bonsai,skipgs_base,mipnerf360,bonsai,R3,32.10895919799805,0.9413650035858154,0.19186736643314362,222.0,184.64284821186004,625.1424714612358,10067.0,6996.78125,277186,primary,logs/train/primary/R3/skipgs_base/bonsai/curves.csv.xz,"Main comparison, repeated-execution statistics, and dataset-level ablations"
primary/R3/skipgs_base/truck,skipgs_base,tnt,truck,R3,25.613967895507812,0.8711042404174805,0.1807950884103775,122.0,111.71223809298358,702.8106254226082,5289.0,2303.4326171875,252902,primary,logs/train/primary/R3/skipgs_base/truck/curves.csv.xz,"Main comparison, repeated-execution statistics, and dataset-level ablations"
primary/R3/skipgs_base/train,skipgs_base,tnt,train,R3,22.423669815063477,0.8025415539741516,0.24514226615428925,133.0,121.76437812601203,620.0638446892408,5985.0,2680.69775390625,230249,primary,logs/train/primary/R3/skipgs_base/train/curves.csv.xz,"Main comparison, repeated-execution statistics, and dataset-level ablations"
primary/R3/skipgs_base/drjohnson,skipgs_base,db,drjohnson,R3,29.525381088256836,0.8975547552108765,0.2777949869632721,137.0,125.29021077066146,703.9595162170579,7656.0,4797.8134765625,248382,primary,logs/train/primary/R3/skipgs_base/drjohnson/curves.csv.xz,"Main comparison, repeated-execution statistics, and dataset-level ablations"
primary/R3/skipgs_base/playroom,skipgs_base,db,playroom,R3,30.654911041259766,0.9032993316650391,0.2668706476688385,122.0,112.19410425465668,776.1470347690575,6591.0,3466.48046875,185665,primary,logs/train/primary/R3/skipgs_base/playroom/curves.csv.xz,"Main comparison, repeated-execution statistics, and dataset-level ablations"
primary/R3/full/bicycle,full,mipnerf360,bicycle,R3,24.76919174194336,0.7124070525169373,0.3121313452720642,231.0,179.10162952361537,576.1878012114573,8103.0,5495.4052734375,536565,primary,logs/train/primary/R3/full/bicycle/curves.csv.xz,"Main comparison, repeated-execution statistics, and dataset-level ablations"
primary/R3/full/flowers,full,mipnerf360,flowers,R3,21.194358825683594,0.5583004355430603,0.40665319561958313,229.0,179.85292119876948,563.9535535633681,8119.0,5009.298828125,495079,primary,logs/train/primary/R3/full/flowers/curves.csv.xz,"Main comparison, repeated-execution statistics, and dataset-level ablations"
primary/R3/full/garden,full,mipnerf360,garden,R3,27.151939392089844,0.8339548110961914,0.17605996131896973,292.0,236.43687532069393,471.27919669263036,8987.0,5425.48095703125,761079,primary,logs/train/primary/R3/full/garden/curves.csv.xz,"Main comparison, repeated-execution statistics, and dataset-level ablations"
primary/R3/full/stump,full,mipnerf360,stump,R3,26.652446746826172,0.7558117508888245,0.2981785535812378,194.0,158.20619936556352,603.4080734004084,6363.0,3852.7021484375,391892,primary,logs/train/primary/R3/full/stump/curves.csv.xz,"Main comparison, repeated-execution statistics, and dataset-level ablations"
primary/R3/full/treehill,full,mipnerf360,treehill,R3,22.875099182128906,0.6109209656715393,0.43002793192863464,204.0,163.62126889093113,600.8245976966612,7073.0,4178.1923828125,392893,primary,logs/train/primary/R3/full/treehill/curves.csv.xz,"Main comparison, repeated-execution statistics, and dataset-level ablations"
primary/R3/full/room,full,mipnerf360,room,R3,31.721363067626953,0.9176684617996216,0.22003307938575745,193.0,154.65716658258324,670.1998866700819,10327.0,7265.54443359375,210058,primary,logs/train/primary/R3/full/room/curves.csv.xz,"Main comparison, repeated-execution statistics, and dataset-level ablations"
primary/R3/full/counter,full,mipnerf360,counter,R3,28.958152770996094,0.904458224773407,0.20744094252586365,208.0,176.08420303162163,576.9706517008643,10221.0,5895.0869140625,208449,primary,logs/train/primary/R3/full/counter/curves.csv.xz,"Main comparison, repeated-execution statistics, and dataset-level ablations"
primary/R3/full/kitchen,full,mipnerf360,kitchen,R3,31.620214462280273,0.9272839426994324,0.12899984419345856,272.0,234.79908069801488,459.4574816478208,11172.0,7100.4638671875,379645,primary,logs/train/primary/R3/full/kitchen/curves.csv.xz,"Main comparison, repeated-execution statistics, and dataset-level ablations"
primary/R3/full/bonsai,full,mipnerf360,bonsai,R3,32.00680923461914,0.9402663707733154,0.19312329590320587,212.0,175.28739786030783,613.4117025643482,9805.0,7004.03515625,277314,primary,logs/train/primary/R3/full/bonsai/curves.csv.xz,"Main comparison, repeated-execution statistics, and dataset-level ablations"
primary/R3/full/truck,full,tnt,truck,R3,25.54936408996582,0.870358407497406,0.18288584053516388,121.0,109.92444797948255,708.622104163391,5443.0,2312.349609375,254874,primary,logs/train/primary/R3/full/truck/curves.csv.xz,"Main comparison, repeated-execution statistics, and dataset-level ablations"
primary/R3/full/train,full,tnt,train,R3,22.256183624267578,0.7998561263084412,0.24823050200939178,127.0,116.95340548689074,624.5547152388644,5358.0,2677.89892578125,224354,primary,logs/train/primary/R3/full/train/curves.csv.xz,"Main comparison, repeated-execution statistics, and dataset-level ablations"
primary/R3/full/drjohnson,full,db,drjohnson,R3,29.518709182739258,0.8970960974693298,0.27933791279792786,130.0,118.57984375354765,728.6296753744241,7564.0,4795.83544921875,247145,primary,logs/train/primary/R3/full/drjohnson/curves.csv.xz,"Main comparison, repeated-execution statistics, and dataset-level ablations"
primary/R3/full/playroom,full,db,playroom,R3,30.42840003967285,0.9026933312416077,0.26649177074432373,120.0,108.83642280768144,760.9239403296767,6355.0,3522.16748046875,199682,primary,logs/train/primary/R3/full/playroom/curves.csv.xz,"Main comparison, repeated-execution statistics, and dataset-level ablations"
primary/R3/wo_channel/bicycle,wo_channel,mipnerf360,bicycle,R3,24.77495574951172,0.7123150825500488,0.313300222158432,237.0,185.10178317113042,564.5218160714602,7921.0,5488.2548828125,536660,primary,logs/train/primary/R3/wo_channel/bicycle/curves.csv.xz,"Main comparison, repeated-execution statistics, and dataset-level ablations"
primary/R3/wo_channel/flowers,wo_channel,mipnerf360,flowers,R3,21.173974990844727,0.5579574108123779,0.4087313711643219,235.0,185.22914771756805,570.0738810834364,7803.0,4976.44775390625,485900,primary,logs/train/primary/R3/wo_channel/flowers/curves.csv.xz,"Main comparison, repeated-execution statistics, and dataset-level ablations"
primary/R3/wo_channel/garden,wo_channel,mipnerf360,garden,R3,26.97985076904297,0.8329833149909973,0.17784781754016876,296.0,240.0233601088325,484.5528866045124,8515.0,5377.1259765625,735369,primary,logs/train/primary/R3/wo_channel/garden/curves.csv.xz,"Main comparison, repeated-execution statistics, and dataset-level ablations"
primary/R3/wo_channel/stump,wo_channel,mipnerf360,stump,R3,26.680097579956055,0.7549200057983398,0.2982301712036133,199.0,163.2413411786456,607.6613677465018,6340.0,3834.6484375,387185,primary,logs/train/primary/R3/wo_channel/stump/curves.csv.xz,"Main comparison, repeated-execution statistics, and dataset-level ablations"
primary/R3/wo_channel/treehill,wo_channel,mipnerf360,treehill,R3,22.867462158203125,0.6099354028701782,0.4312131702899933,211.0,169.35298743512038,608.2957625831682,6571.0,4166.89697265625,390992,primary,logs/train/primary/R3/wo_channel/treehill/curves.csv.xz,"Main comparison, repeated-execution statistics, and dataset-level ablations"
primary/R3/wo_channel/room,wo_channel,mipnerf360,room,R3,31.824857711791992,0.9188725352287292,0.21858173608779907,199.0,161.51008271974385,671.2519178408618,10285.0,7246.7763671875,207223,primary,logs/train/primary/R3/wo_channel/room/curves.csv.xz,"Main comparison, repeated-execution statistics, and dataset-level ablations"
primary/R3/wo_channel/counter,wo_channel,mipnerf360,counter,R3,29.062294006347656,0.9058913588523865,0.20524147152900696,215.0,182.48171920366292,582.4235516259748,9625.0,5887.85107421875,207362,primary,logs/train/primary/R3/wo_channel/counter/curves.csv.xz,"Main comparison, repeated-execution statistics, and dataset-level ablations"
primary/R3/wo_channel/kitchen,wo_channel,mipnerf360,kitchen,R3,31.69365882873535,0.9279661774635315,0.1281379759311676,280.0,243.20736186881138,487.4831520181378,11611.0,7088.3203125,377224,primary,logs/train/primary/R3/wo_channel/kitchen/curves.csv.xz,"Main comparison, repeated-execution statistics, and dataset-level ablations"
primary/R3/wo_channel/bonsai,wo_channel,mipnerf360,bonsai,R3,32.0554084777832,0.9413812160491943,0.1920880526304245,218.0,181.34161760549813,619.240061912974,9671.0,6997.83935546875,278173,primary,logs/train/primary/R3/wo_channel/bonsai/curves.csv.xz,"Main comparison, repeated-execution statistics, and dataset-level ablations"
primary/R3/wo_channel/truck,wo_channel,tnt,truck,R3,25.589969635009766,0.8707830905914307,0.18203234672546387,121.0,111.20066588775207,717.5495730256499,4851.0,2301.580078125,253155,primary,logs/train/primary/R3/wo_channel/truck/curves.csv.xz,"Main comparison, repeated-execution statistics, and dataset-level ablations"
primary/R3/wo_channel/train,wo_channel,tnt,train,R3,22.301469802856445,0.8024059534072876,0.24513733386993408,129.0,118.55573289542524,624.1205231712901,5413.0,2687.37548828125,229107,primary,logs/train/primary/R3/wo_channel/train/curves.csv.xz,"Main comparison, repeated-execution statistics, and dataset-level ablations"
primary/R3/wo_channel/drjohnson,wo_channel,db,drjohnson,R3,29.418363571166992,0.897034764289856,0.27843743562698364,136.0,124.25050981876988,724.9146043824276,7593.0,4738.96142578125,247572,primary,logs/train/primary/R3/wo_channel/drjohnson/curves.csv.xz,"Main comparison, repeated-execution statistics, and dataset-level ablations"
primary/R3/wo_channel/playroom,wo_channel,db,playroom,R3,30.428936004638672,0.8993710875511169,0.2685328423976898,122.0,111.3215490442392,763.7556215412276,6621.0,3458.09326171875,185043,primary,logs/train/primary/R3/wo_channel/playroom/curves.csv.xz,"Main comparison, repeated-execution statistics, and dataset-level ablations"
primary/R3/wo_temporal/bicycle,wo_temporal,mipnerf360,bicycle,R3,24.76073455810547,0.7123571634292603,0.3121396601200104,233.0,180.13157129052945,562.7088606725442,8019.0,5491.4521484375,535021,primary,logs/train/primary/R3/wo_temporal/bicycle/curves.csv.xz,"Main comparison, repeated-execution statistics, and dataset-level ablations"
primary/R3/wo_temporal/flowers,wo_temporal,mipnerf360,flowers,R3,21.21733856201172,0.5598302483558655,0.40611228346824646,231.0,182.32990303798493,564.4523787152746,7523.0,5007.25830078125,494625,primary,logs/train/primary/R3/wo_temporal/flowers/curves.csv.xz,"Main comparison, repeated-execution statistics, and dataset-level ablations"
primary/R3/wo_temporal/garden,wo_temporal,mipnerf360,garden,R3,27.126136779785156,0.8339531421661377,0.17585988342761993,294.0,237.50064090653208,477.4653112049822,8529.0,5420.21875,757500,primary,logs/train/primary/R3/wo_temporal/garden/curves.csv.xz,"Main comparison, repeated-execution statistics, and dataset-level ablations"
primary/R3/wo_temporal/stump,wo_temporal,mipnerf360,stump,R3,26.68830108642578,0.7564409375190735,0.29738765954971313,196.0,159.6361938912168,601.41645247558,6705.0,3852.10791015625,391948,primary,logs/train/primary/R3/wo_temporal/stump/curves.csv.xz,"Main comparison, repeated-execution statistics, and dataset-level ablations"
primary/R3/wo_temporal/treehill,wo_temporal,mipnerf360,treehill,R3,22.89371681213379,0.6101590991020203,0.4309502840042114,206.0,165.58024155220363,601.0430699435666,7397.0,4185.919921875,395641,primary,logs/train/primary/R3/wo_temporal/treehill/curves.csv.xz,"Main comparison, repeated-execution statistics, and dataset-level ablations"
primary/R3/wo_temporal/room,wo_temporal,mipnerf360,room,R3,31.68528938293457,0.9177416563034058,0.2195492535829544,195.0,156.36973427220147,662.4716615980094,10579.0,7273.19482421875,211408,primary,logs/train/primary/R3/wo_temporal/room/curves.csv.xz,"Main comparison, repeated-execution statistics, and dataset-level ablations"
primary/R3/wo_temporal/counter,wo_temporal,mipnerf360,counter,R3,28.969587326049805,0.9050309658050537,0.20688246190547943,209.0,177.23966923085428,572.8311361941417,10213.0,5894.23486328125,208269,primary,logs/train/primary/R3/wo_temporal/counter/curves.csv.xz,"Main comparison, repeated-execution statistics, and dataset-level ablations"
primary/R3/wo_temporal/kitchen,wo_temporal,mipnerf360,kitchen,R3,31.628826141357422,0.9269030094146729,0.12870274484157562,275.0,237.62061433821904,481.11042003194876,11999.0,7098.79052734375,380551,primary,logs/train/primary/R3/wo_temporal/kitchen/curves.csv.xz,"Main comparison, repeated-execution statistics, and dataset-level ablations"
primary/R3/wo_temporal/bonsai,wo_temporal,mipnerf360,bonsai,R3,32.058624267578125,0.9405310153961182,0.192186176776886,214.0,176.79450600329602,615.9667092439935,10707.0,6997.98095703125,277404,primary,logs/train/primary/R3/wo_temporal/bonsai/curves.csv.xz,"Main comparison, repeated-execution statistics, and dataset-level ablations"
primary/R3/wo_temporal/truck,wo_temporal,tnt,truck,R3,25.585176467895508,0.870855987071991,0.1816108226776123,120.0,110.25107656964566,695.2027196136054,4995.0,2314.04833984375,252899,primary,logs/train/primary/R3/wo_temporal/truck/curves.csv.xz,"Main comparison, repeated-execution statistics, and dataset-level ablations"
primary/R3/wo_temporal/train,wo_temporal,tnt,train,R3,22.356735229492188,0.8009289503097534,0.24699266254901886,127.0,116.7268275887887,638.9758738863407,5459.0,2673.06201171875,222207,primary,logs/train/primary/R3/wo_temporal/train/curves.csv.xz,"Main comparison, repeated-execution statistics, and dataset-level ablations"
primary/R3/wo_temporal/drjohnson,wo_temporal,db,drjohnson,R3,29.419933319091797,0.8966661095619202,0.2791924774646759,133.0,121.25337503744959,718.4768883170366,7617.0,4767.509765625,243293,primary,logs/train/primary/R3/wo_temporal/drjohnson/curves.csv.xz,"Main comparison, repeated-execution statistics, and dataset-level ablations"
primary/R3/wo_temporal/playroom,wo_temporal,db,playroom,R3,29.9649658203125,0.8998029232025146,0.26916152238845825,120.0,110.02913863641422,760.317657803767,6445.0,3518.06494140625,200634,primary,logs/train/primary/R3/wo_temporal/playroom/curves.csv.xz,"Main comparison, repeated-execution statistics, and dataset-level ablations"
primary/R3/wo_densification_aware/bicycle,wo_densification_aware,mipnerf360,bicycle,R3,24.720928192138672,0.7092207074165344,0.316328227519989,228.0,176.08623461506295,564.7359228782506,8155.0,5496.24609375,535871,primary,logs/train/primary/R3/wo_densification_aware/bicycle/curves.csv.xz,"Main comparison, repeated-execution statistics, and dataset-level ablations"
primary/R3/wo_densification_aware/flowers,wo_densification_aware,mipnerf360,flowers,R3,21.18038558959961,0.5581496357917786,0.4076539874076843,229.0,179.16264087079978,567.0446067340165,8275.0,5025.7763671875,500624,primary,logs/train/primary/R3/wo_densification_aware/flowers/curves.csv.xz,"Main comparison, repeated-execution statistics, and dataset-level ablations"
primary/R3/wo_densification_aware/garden,wo_densification_aware,mipnerf360,garden,R3,27.101511001586914,0.8329353332519531,0.17713284492492676,295.0,238.7657986462849,478.7629133339847,8745.0,5454.05322265625,774237,primary,logs/train/primary/R3/wo_densification_aware/garden/curves.csv.xz,"Main comparison, repeated-execution statistics, and dataset-level ablations"
primary/R3/wo_densification_aware/stump,wo_densification_aware,mipnerf360,stump,R3,26.690345764160156,0.7562252283096313,0.29771190881729126,193.0,156.2638366108161,601.6016878432771,6457.0,3866.23876953125,396642,primary,logs/train/primary/R3/wo_densification_aware/stump/curves.csv.xz,"Main comparison, repeated-execution statistics, and dataset-level ablations"
primary/R3/wo_densification_aware/treehill,wo_densification_aware,mipnerf360,treehill,R3,22.83128547668457,0.6091262102127075,0.43287956714630127,204.0,162.82135509500478,601.9493670756891,6711.0,4198.197265625,394933,primary,logs/train/primary/R3/wo_densification_aware/treehill/curves.csv.xz,"Main comparison, repeated-execution statistics, and dataset-level ablations"
primary/R3/wo_densification_aware/room,wo_densification_aware,mipnerf360,room,R3,31.70527458190918,0.9167113900184631,0.2214510291814804,192.0,153.0168818259377,673.8011898995622,10205.0,7279.7041015625,212709,primary,logs/train/primary/R3/wo_densification_aware/room/curves.csv.xz,"Main comparison, repeated-execution statistics, and dataset-level ablations"
primary/R3/wo_densification_aware/counter,wo_densification_aware,mipnerf360,counter,R3,28.950328826904297,0.9039966464042664,0.2086009979248047,206.0,173.67503720389226,584.760210481316,10315.0,5912.20751953125,209666,primary,logs/train/primary/R3/wo_densification_aware/counter/curves.csv.xz,"Main comparison, repeated-execution statistics, and dataset-level ablations"
primary/R3/wo_densification_aware/kitchen,wo_densification_aware,mipnerf360,kitchen,R3,31.605674743652344,0.9266238808631897,0.12940475344657898,276.0,239.30404822572928,468.5079917838439,11247.0,7118.3447265625,380559,primary,logs/train/primary/R3/wo_densification_aware/kitchen/curves.csv.xz,"Main comparison, repeated-execution statistics, and dataset-level ablations"
primary/R3/wo_densification_aware/bonsai,wo_densification_aware,mipnerf360,bonsai,R3,31.952152252197266,0.9393831491470337,0.194367453455925,211.0,174.12114499001447,616.0821018671503,10621.0,7016.35986328125,280488,primary,logs/train/primary/R3/wo_densification_aware/bonsai/curves.csv.xz,"Main comparison, repeated-execution statistics, and dataset-level ablations"
primary/R3/wo_densification_aware/truck,wo_densification_aware,tnt,truck,R3,25.54874038696289,0.8695402145385742,0.18347769975662231,121.0,110.49463382090373,700.2016425666812,5547.0,2323.84521484375,256849,primary,logs/train/primary/R3/wo_densification_aware/truck/curves.csv.xz,"Main comparison, repeated-execution statistics, and dataset-level ablations"
primary/R3/wo_densification_aware/train,wo_densification_aware,tnt,train,R3,22.280868530273438,0.7995112538337708,0.25141021609306335,125.0,114.65211104342511,652.4075126329608,5703.0,2667.54541015625,218386,primary,logs/train/primary/R3/wo_densification_aware/train/curves.csv.xz,"Main comparison, repeated-execution statistics, and dataset-level ablations"
primary/R3/wo_densification_aware/drjohnson,wo_densification_aware,db,drjohnson,R3,29.37214469909668,0.8961755037307739,0.2813238501548767,130.0,118.28965591393555,711.1676220238372,7603.0,4764.177734375,242082,primary,logs/train/primary/R3/wo_densification_aware/drjohnson/curves.csv.xz,"Main comparison, repeated-execution statistics, and dataset-level ablations"
primary/R3/wo_densification_aware/playroom,wo_densification_aware,db,playroom,R3,30.399686813354492,0.9035706520080566,0.26807183027267456,119.0,108.57146217074049,764.594136839268,6587.0,3531.18115234375,202459,primary,logs/train/primary/R3/wo_densification_aware/playroom/curves.csv.xz,"Main comparison, repeated-execution statistics, and dataset-level ablations"
primary/R3/wo_ipw/bicycle,wo_ipw,mipnerf360,bicycle,R3,24.22557830810547,0.641399621963501,0.3900713324546814,191.0,139.971515550948,707.9344192783078,7587.0,4911.9404296875,243427,primary,logs/train/primary/R3/wo_ipw/bicycle/curves.csv.xz,"Main comparison, repeated-execution statistics, and dataset-level ablations"
primary/R3/wo_ipw/flowers,wo_ipw,mipnerf360,flowers,R3,20.447847366333008,0.4845156967639923,0.48206567764282227,182.0,134.40123996556278,749.6635906267094,7515.0,4392.36474609375,202387,primary,logs/train/primary/R3/wo_ipw/flowers/curves.csv.xz,"Main comparison, repeated-execution statistics, and dataset-level ablations"
primary/R3/wo_ipw/garden,wo_ipw,mipnerf360,garden,R3,26.792734146118164,0.8038782477378845,0.22527623176574707,257.0,201.0627758989693,561.6911376782473,8741.0,4923.41357421875,486895,primary,logs/train/primary/R3/wo_ipw/garden/curves.csv.xz,"Main comparison, repeated-execution statistics, and dataset-level ablations"
primary/R3/wo_ipw/stump,wo_ipw,mipnerf360,stump,R3,25.777313232421875,0.6944044232368469,0.3753899335861206,159.0,123.55909360755618,767.6396066983201,5901.0,3358.783203125,166517,primary,logs/train/primary/R3/wo_ipw/stump/curves.csv.xz,"Main comparison, repeated-execution statistics, and dataset-level ablations"
primary/R3/wo_ipw/treehill,wo_ipw,mipnerf360,treehill,R3,22.70539093017578,0.5682284832000732,0.48551511764526367,173.0,132.43244156680586,726.0587618358273,6345.0,3701.92626953125,167786,primary,logs/train/primary/R3/wo_ipw/treehill/curves.csv.xz,"Main comparison, repeated-execution statistics, and dataset-level ablations"
primary/R3/wo_ipw/room,wo_ipw,mipnerf360,room,R3,31.579736709594727,0.9107604622840881,0.23674622178077698,182.0,144.0952515914687,704.8295784366995,10153.0,7117.31689453125,146865,primary,logs/train/primary/R3/wo_ipw/room/curves.csv.xz,"Main comparison, repeated-execution statistics, and dataset-level ablations"
primary/R3/wo_ipw/counter,wo_ipw,mipnerf360,counter,R3,28.833030700683594,0.8978424072265625,0.21888062357902527,199.0,166.1951989525582,620.8850799849132,9887.0,5791.33935546875,171818,primary,logs/train/primary/R3/wo_ipw/counter/curves.csv.xz,"Main comparison, repeated-execution statistics, and dataset-level ablations"
primary/R3/wo_ipw/kitchen,wo_ipw,mipnerf360,kitchen,R3,31.512168884277344,0.9220042824745178,0.13876216113567352,260.0,223.05232198582556,500.56659709018317,11027.0,6909.3564453125,312548,primary,logs/train/primary/R3/wo_ipw/kitchen/curves.csv.xz,"Main comparison, repeated-execution statistics, and dataset-level ablations"
primary/R3/wo_ipw/bonsai,wo_ipw,mipnerf360,bonsai,R3,31.74297332763672,0.9345871210098267,0.2073782980442047,200.0,163.37884720424356,668.248588795446,9627.0,6857.669921875,227427,primary,logs/train/primary/R3/wo_ipw/bonsai/curves.csv.xz,"Main comparison, repeated-execution statistics, and dataset-level ablations"
primary/R3/wo_ipw/truck,wo_ipw,tnt,truck,R3,25.346464157104492,0.8587106466293335,0.19922024011611938,109.0,99.43443106979223,749.0232508967448,4527.0,2162.73583984375,194607,primary,logs/train/primary/R3/wo_ipw/truck/curves.csv.xz,"Main comparison, repeated-execution statistics, and dataset-level ablations"
primary/R3/wo_ipw/train,wo_ipw,tnt,train,R3,22.033472061157227,0.7748986482620239,0.27861395478248596,115.0,105.18538859869807,706.2084986581185,5205.0,2516.248046875,167529,primary,logs/train/primary/R3/wo_ipw/train/curves.csv.xz,"Main comparison, repeated-execution statistics, and dataset-level ablations"
primary/R3/wo_ipw/drjohnson,wo_ipw,db,drjohnson,R3,29.177942276000977,0.8910803198814392,0.29343724250793457,122.0,110.03520762766048,790.5384399484572,7195.0,4567.7626953125,181949,primary,logs/train/primary/R3/wo_ipw/drjohnson/curves.csv.xz,"Main comparison, repeated-execution statistics, and dataset-level ablations"
primary/R3/wo_ipw/playroom,wo_ipw,db,playroom,R3,30.055383682250977,0.8937197327613831,0.2862219214439392,106.0,95.95132303404982,854.8485349616185,6147.0,3300.5029296875,121032,primary,logs/train/primary/R3/wo_ipw/playroom/curves.csv.xz,"Main comparison, repeated-execution statistics, and dataset-level ablations"
primary/R3/budget_matched_fullrgb/bicycle,budget_matched_fullrgb,mipnerf360,bicycle,R3,24.128995895385742,0.6361667513847351,0.3951493501663208,186.0,135.89347848952474,717.0990228227356,7437.0,4890.51953125,232468,primary,logs/train/primary/R3/budget_matched_fullrgb/bicycle/curves.csv.xz,"Main comparison, repeated-execution statistics, and dataset-level ablations"
primary/R3/budget_matched_fullrgb/flowers,budget_matched_fullrgb,mipnerf360,flowers,R3,20.380144119262695,0.48118171095848083,0.4854303300380707,178.0,130.0298649808553,772.9675379174633,7357.0,4370.56787109375,193552,primary,logs/train/primary/R3/budget_matched_fullrgb/flowers/curves.csv.xz,"Main comparison, repeated-execution statistics, and dataset-level ablations"
primary/R3/budget_matched_fullrgb/garden,budget_matched_fullrgb,mipnerf360,garden,R3,26.68878746032715,0.8013355135917664,0.22992044687271118,251.0,195.4005226221502,568.2553017661635,8421.0,4894.39990234375,474878,primary,logs/train/primary/R3/budget_matched_fullrgb/garden/curves.csv.xz,"Main comparison, repeated-execution statistics, and dataset-level ablations"
primary/R3/budget_matched_fullrgb/stump,budget_matched_fullrgb,mipnerf360,stump,R3,25.70026397705078,0.6904253363609314,0.38025134801864624,154.0,118.26943405045496,778.111603986596,5969.0,3345.72265625,161585,primary,logs/train/primary/R3/budget_matched_fullrgb/stump/curves.csv.xz,"Main comparison, repeated-execution statistics, and dataset-level ablations"
primary/R3/budget_matched_fullrgb/treehill,budget_matched_fullrgb,mipnerf360,treehill,R3,22.636037826538086,0.5677422285079956,0.4882112145423889,168.0,127.51600513062347,759.9906583450775,6313.0,3690.64892578125,160399,primary,logs/train/primary/R3/budget_matched_fullrgb/treehill/curves.csv.xz,"Main comparison, repeated-execution statistics, and dataset-level ablations"
primary/R3/budget_matched_fullrgb/room,budget_matched_fullrgb,mipnerf360,room,R3,31.494384765625,0.90922611951828,0.23938430845737457,176.0,138.2944121804474,723.5903660345929,10261.0,7092.3076171875,144020,primary,logs/train/primary/R3/budget_matched_fullrgb/room/curves.csv.xz,"Main comparison, repeated-execution statistics, and dataset-level ablations"
primary/R3/budget_matched_fullrgb/counter,budget_matched_fullrgb,mipnerf360,counter,R3,28.78615379333496,0.8966559767723083,0.22129689157009125,193.0,161.49383662659685,616.1882295912931,9857.0,5778.32763671875,168091,primary,logs/train/primary/R3/budget_matched_fullrgb/counter/curves.csv.xz,"Main comparison, repeated-execution statistics, and dataset-level ablations"
primary/R3/budget_matched_fullrgb/kitchen,budget_matched_fullrgb,mipnerf360,kitchen,R3,31.32645034790039,0.9203858375549316,0.1417330503463745,252.0,215.49526473437888,508.37916021337315,11715.0,6884.03759765625,301469,primary,logs/train/primary/R3/budget_matched_fullrgb/kitchen/curves.csv.xz,"Main comparison, repeated-execution statistics, and dataset-level ablations"
primary/R3/budget_matched_fullrgb/bonsai,budget_matched_fullrgb,mipnerf360,bonsai,R3,31.66110610961914,0.9328416585922241,0.2090938836336136,195.0,157.49550080048937,662.4971232882825,9701.0,6854.923828125,224859,primary,logs/train/primary/R3/budget_matched_fullrgb/bonsai/curves.csv.xz,"Main comparison, repeated-execution statistics, and dataset-level ablations"
primary/R3/budget_matched_fullrgb/truck,budget_matched_fullrgb,tnt,truck,R3,25.33259391784668,0.8569307923316956,0.2030239999294281,107.0,96.88701577702955,753.8177002881816,4665.0,2151.62939453125,190762,primary,logs/train/primary/R3/budget_matched_fullrgb/truck/curves.csv.xz,"Main comparison, repeated-execution statistics, and dataset-level ablations"
primary/R3/budget_matched_fullrgb/train,budget_matched_fullrgb,tnt,train,R3,22.147640228271484,0.7727322578430176,0.28128737211227417,111.0,101.4979299175089,711.3393492768499,5185.0,2477.68701171875,158025,primary,logs/train/primary/R3/budget_matched_fullrgb/train/curves.csv.xz,"Main comparison, repeated-execution statistics, and dataset-level ablations"
primary/R3/budget_matched_fullrgb/drjohnson,budget_matched_fullrgb,db,drjohnson,R3,29.214603424072266,0.890067994594574,0.29644253849983215,117.0,105.491353313235,787.4599932275224,7159.0,4528.1611328125,175090,primary,logs/train/primary/R3/budget_matched_fullrgb/drjohnson/curves.csv.xz,"Main comparison, repeated-execution statistics, and dataset-level ablations"
primary/R3/budget_matched_fullrgb/playroom,budget_matched_fullrgb,db,playroom,R3,30.26744842529297,0.8966005444526672,0.28878623247146606,103.0,92.12188262571858,858.6436334927267,6035.0,3288.35009765625,117170,primary,logs/train/primary/R3/budget_matched_fullrgb/playroom/curves.csv.xz,"Main comparison, repeated-execution statistics, and dataset-level ablations"
sensitivity/single/factorgrad_fastgs/bicycle,factorgrad_fastgs,mipnerf360,bicycle,single,24.812040328979492,0.7134312391281128,0.31118521094322205,255.0,202.28648317749378,572.8758128036905,8413.0,5157.6826171875,539174.0,sensitivity,logs/train/sensitivity/single/factorgrad_fastgs/bicycle/curves.csv.xz,Appendix schedule sensitivity and direct FastGS composition
sensitivity/single/factorgrad_fastgs/flowers,factorgrad_fastgs,mipnerf360,flowers,single,21.23541259765625,0.5620777010917664,0.4040164649486542,257.0,206.9915086529615,568.6555390780298,7937.0,4692.12890625,498019.0,sensitivity,logs/train/sensitivity/single/factorgrad_fastgs/flowers/curves.csv.xz,Appendix schedule sensitivity and direct FastGS composition
sensitivity/single/factorgrad_fastgs/garden,factorgrad_fastgs,mipnerf360,garden,single,27.081087112426758,0.8346701264381409,0.17461960017681122,328.0,270.08184178043695,477.90667890553857,8857.0,5119.1875,753596.0,sensitivity,logs/train/sensitivity/single/factorgrad_fastgs/garden/curves.csv.xz,Appendix schedule sensitivity and direct FastGS composition
sensitivity/single/factorgrad_fastgs/stump,factorgrad_fastgs,mipnerf360,stump,single,26.572757720947266,0.7554331421852112,0.29770025610923767,211.0,175.14986025407953,605.5732378167178,6749.0,3513.07177734375,388013.0,sensitivity,logs/train/sensitivity/single/factorgrad_fastgs/stump/curves.csv.xz,Appendix schedule sensitivity and direct FastGS composition
sensitivity/single/factorgrad_fastgs/treehill,factorgrad_fastgs,mipnerf360,treehill,single,22.893768310546875,0.611704409122467,0.427916020154953,224.0,182.40340255514147,604.9184804323552,6679.0,3866.4208984375,391867.0,sensitivity,logs/train/sensitivity/single/factorgrad_fastgs/treehill/curves.csv.xz,Appendix schedule sensitivity and direct FastGS composition
sensitivity/single/factorgrad_fastgs/room,factorgrad_fastgs,mipnerf360,room,single,31.805673599243164,0.9183253049850464,0.21878582239151,208.0,170.00586611633753,672.5486181974915,10409.0,6962.33935546875,209877.0,sensitivity,logs/train/sensitivity/single/factorgrad_fastgs/room/curves.csv.xz,Appendix schedule sensitivity and direct FastGS composition
sensitivity/single/factorgrad_fastgs/counter,factorgrad_fastgs,mipnerf360,counter,single,29.11831283569336,0.9059969186782837,0.2049146443605423,232.0,199.04790004127653,582.6320482594897,9965.0,5570.1689453125,208681.0,sensitivity,logs/train/sensitivity/single/factorgrad_fastgs/counter/curves.csv.xz,Appendix schedule sensitivity and direct FastGS composition
sensitivity/single/factorgrad_fastgs/kitchen,factorgrad_fastgs,mipnerf360,kitchen,single,31.782440185546875,0.9282846450805664,0.1274658590555191,306.0,267.9360516002058,487.4128159067617,12593.0,6724.7939453125,382410.0,sensitivity,logs/train/sensitivity/single/factorgrad_fastgs/kitchen/curves.csv.xz,Appendix schedule sensitivity and direct FastGS composition
sensitivity/single/factorgrad_fastgs/bonsai,factorgrad_fastgs,mipnerf360,bonsai,single,32.10255432128906,0.940841794013977,0.19112041592597961,231.0,193.15197081895445,627.0952899165401,10035.0,6713.6884765625,276925.0,sensitivity,logs/train/sensitivity/single/factorgrad_fastgs/bonsai/curves.csv.xz,Appendix schedule sensitivity and direct FastGS composition
sensitivity/single/factorgrad_fastgs/truck,factorgrad_fastgs,tnt,truck,single,25.702608108520508,0.8718006610870361,0.18000446259975433,135.0,123.79488981527643,717.1334250230991,4859.0,2160.322265625,253069.0,sensitivity,logs/train/sensitivity/single/factorgrad_fastgs/truck/curves.csv.xz,Appendix schedule sensitivity and direct FastGS composition
sensitivity/single/factorgrad_fastgs/train,factorgrad_fastgs,tnt,train,single,22.57001304626465,0.8043124675750732,0.24446314573287964,138.0,127.32030472537778,631.0152117228848,5899.0,2491.46728515625,225626.0,sensitivity,logs/train/sensitivity/single/factorgrad_fastgs/train/curves.csv.xz,Appendix schedule sensitivity and direct FastGS composition
sensitivity/single/factorgrad_fastgs/drjohnson,factorgrad_fastgs,db,drjohnson,single,29.443525314331055,0.8974667191505432,0.2763060927391052,147.0,135.73885641852283,732.9585430626971,7595.0,4471.6826171875,246447.0,sensitivity,logs/train/sensitivity/single/factorgrad_fastgs/drjohnson/curves.csv.xz,Appendix schedule sensitivity and direct FastGS composition
sensitivity/single/factorgrad_fastgs/playroom,factorgrad_fastgs,db,playroom,single,29.901371002197266,0.8977293968200684,0.26606956124305725,133.0,121.77909824049551,768.2361415510533,6553.0,3304.97412109375,200193.0,sensitivity,logs/train/sensitivity/single/factorgrad_fastgs/playroom/curves.csv.xz,Appendix schedule sensitivity and direct FastGS composition
sensitivity/single/late/bicycle,late,mipnerf360,bicycle,single,24.75763511657715,0.7113623023033142,0.31337326765060425,237.0,184.6289869185809,553.786852226724,8732.0,5488.42041015625,537082.0,sensitivity,logs/train/sensitivity/single/late/bicycle/curves.csv.xz,Appendix schedule sensitivity and direct FastGS composition
sensitivity/single/late/flowers,late,mipnerf360,flowers,single,21.185152053833008,0.5570977926254272,0.41004666686058044,234.0,184.346129501965,571.3372408963179,8008.0,4980.12548828125,486827.0,sensitivity,logs/train/sensitivity/single/late/flowers/curves.csv.xz,Appendix schedule sensitivity and direct FastGS composition
sensitivity/single/late/garden,late,mipnerf360,garden,single,27.116308212280273,0.8333951830863953,0.17824389040470123,298.0,240.99142290345276,471.9593025680747,8938.0,5379.0107421875,736941.0,sensitivity,logs/train/sensitivity/single/late/garden/curves.csv.xz,Appendix schedule sensitivity and direct FastGS composition
sensitivity/single/late/stump,late,mipnerf360,stump,single,26.636497497558594,0.7538318634033203,0.30041879415512085,200.0,163.50787949297734,603.2197577113482,6936.0,3831.5703125,385124.0,sensitivity,logs/train/sensitivity/single/late/stump/curves.csv.xz,Appendix schedule sensitivity and direct FastGS composition
sensitivity/single/late/treehill,late,mipnerf360,treehill,single,22.84683609008789,0.610722541809082,0.4308403432369232,212.0,169.85845538479865,590.5239184743717,7888.0,4173.93408203125,391011.0,sensitivity,logs/train/sensitivity/single/late/treehill/curves.csv.xz,Appendix schedule sensitivity and direct FastGS composition
sensitivity/single/late/room,late,mipnerf360,room,single,31.74222755432129,0.9180060029029846,0.21966251730918884,200.0,161.92369046053489,646.8586191327518,10580.0,7247.87548828125,206813.0,sensitivity,logs/train/sensitivity/single/late/room/curves.csv.xz,Appendix schedule sensitivity and direct FastGS composition
sensitivity/single/late/counter,late,mipnerf360,counter,single,29.02183723449707,0.9051885604858398,0.20650872588157654,216.0,182.92420212425475,570.3587398891879,10048.0,5886.82275390625,206975.0,sensitivity,logs/train/sensitivity/single/late/counter/curves.csv.xz,Appendix schedule sensitivity and direct FastGS composition
sensitivity/single/late/kitchen,late,mipnerf360,kitchen,single,31.698339462280273,0.9276430606842041,0.12904006242752075,282.0,244.10988861798518,463.5496461274903,12452.0,7090.31005859375,377012.0,sensitivity,logs/train/sensitivity/single/late/kitchen/curves.csv.xz,Appendix schedule sensitivity and direct FastGS composition
sensitivity/single/late/bonsai,late,mipnerf360,bonsai,single,32.006526947021484,0.940688967704773,0.19303937256336212,221.0,183.07282188533506,596.4445995353395,10688.0,6995.7314453125,275801.0,sensitivity,logs/train/sensitivity/single/late/bonsai/curves.csv.xz,Appendix schedule sensitivity and direct FastGS composition
sensitivity/single/late/truck,late,tnt,truck,single,25.55365753173828,0.8698977828025818,0.18280914425849915,122.0,112.11911199334658,694.2604240210159,5426.0,2301.50634765625,253114.0,sensitivity,logs/train/sensitivity/single/late/truck/curves.csv.xz,Appendix schedule sensitivity and direct FastGS composition
sensitivity/single/late/train,late,tnt,train,single,22.361234664916992,0.8032183051109314,0.24617405235767365,131.0,120.16281071839298,622.295942705258,5824.0,2684.07373046875,229193.0,sensitivity,logs/train/sensitivity/single/late/train/curves.csv.xz,Appendix schedule sensitivity and direct FastGS composition
sensitivity/single/late/drjohnson,late,db,drjohnson,single,29.489673614501953,0.8971992135047913,0.2787295877933502,136.0,124.7537958311658,706.3961207825284,7964.0,4750.90673828125,247007.0,sensitivity,logs/train/sensitivity/single/late/drjohnson/curves.csv.xz,Appendix schedule sensitivity and direct FastGS composition
sensitivity/single/late/playroom,late,db,playroom,single,30.703941345214844,0.9056496620178223,0.266586035490036,122.0,111.62896271975976,757.355855165671,6844.0,3453.05322265625,184688.0,sensitivity,logs/train/sensitivity/single/late/playroom/curves.csv.xz,Appendix schedule sensitivity and direct FastGS composition
sensitivity/single/q05/bicycle,q05,mipnerf360,bicycle,single,24.733797073364258,0.7106080055236816,0.31467801332473755,232.0,179.54908039612306,550.0231582219633,8400.0,5494.7822265625,535101.0,sensitivity,logs/train/sensitivity/single/q05/bicycle/curves.csv.xz,Appendix schedule sensitivity and direct FastGS composition
sensitivity/single/q05/flowers,q05,mipnerf360,flowers,single,21.193866729736328,0.5582026243209839,0.4080192744731903,230.0,180.5542703433579,563.5344518270088,8805.0,4999.06884765625,489944.0,sensitivity,logs/train/sensitivity/single/q05/flowers/curves.csv.xz,Appendix schedule sensitivity and direct FastGS composition
sensitivity/single/q05/garden,q05,mipnerf360,garden,single,27.11741828918457,0.8333303332328796,0.1768539398908615,294.0,237.9186421658566,466.3897540759999,9747.0,5420.06298828125,756881.0,sensitivity,logs/train/sensitivity/single/q05/garden/curves.csv.xz,Appendix schedule sensitivity and direct FastGS composition
sensitivity/single/q05/stump,q05,mipnerf360,stump,single,26.647842407226562,0.7549285888671875,0.2983431816101074,198.0,160.593490575209,605.0255893523214,6897.0,3852.3955078125,393238.0,sensitivity,logs/train/sensitivity/single/q05/stump/curves.csv.xz,Appendix schedule sensitivity and direct FastGS composition
sensitivity/single/q05/treehill,q05,mipnerf360,treehill,single,22.856155395507812,0.6095902919769287,0.4323018789291382,206.0,164.70023436728985,598.4537023884413,7215.0,4175.90283203125,393676.0,sensitivity,logs/train/sensitivity/single/q05/treehill/curves.csv.xz,Appendix schedule sensitivity and direct FastGS composition
sensitivity/single/q05/room,q05,mipnerf360,room,single,31.70403289794922,0.9168016314506531,0.2204955369234085,194.0,155.0857678653649,664.3513999860158,10859.0,7271.76171875,210314.0,sensitivity,logs/train/sensitivity/single/q05/room/curves.csv.xz,Appendix schedule sensitivity and direct FastGS composition
sensitivity/single/q05/counter,q05,mipnerf360,counter,single,28.922178268432617,0.9041334390640259,0.20762227475643158,211.0,178.77845050492127,563.9871292243886,10425.0,5895.55224609375,207997.0,sensitivity,logs/train/sensitivity/single/q05/counter/curves.csv.xz,Appendix schedule sensitivity and direct FastGS composition
sensitivity/single/q05/kitchen,q05,mipnerf360,kitchen,single,31.503236770629883,0.9261053800582886,0.13014620542526245,276.0,238.8558761818062,478.63580781895354,11632.0,7098.869140625,379822.0,sensitivity,logs/train/sensitivity/single/q05/kitchen/curves.csv.xz,Appendix schedule sensitivity and direct FastGS composition
sensitivity/single/q05/bonsai,q05,mipnerf360,bonsai,single,32.002689361572266,0.9404848217964172,0.19313208758831024,216.0,177.43310615118733,619.2211386354707,11034.0,6999.84765625,278293.0,sensitivity,logs/train/sensitivity/single/q05/bonsai/curves.csv.xz,Appendix schedule sensitivity and direct FastGS composition
sensitivity/single/q05/truck,q05,tnt,truck,single,25.533971786499023,0.8695945739746094,0.18394175171852112,121.0,110.51151491305018,698.2148259405907,5742.0,2311.798828125,253678.0,sensitivity,logs/train/sensitivity/single/q05/truck/curves.csv.xz,Appendix schedule sensitivity and direct FastGS composition
sensitivity/single/q05/train,q05,tnt,train,single,22.283910751342773,0.7984826564788818,0.2505156993865967,126.0,116.52951259123286,623.1946811896005,5509.0,2680.54150390625,224289.0,sensitivity,logs/train/sensitivity/single/q05/train/curves.csv.xz,Appendix schedule sensitivity and direct FastGS composition
sensitivity/single/q05/drjohnson,q05,db,drjohnson,single,29.45237922668457,0.8965891003608704,0.2799479067325592,131.0,119.85098599758369,724.4800025727272,7591.0,4787.859375,243252.0,sensitivity,logs/train/sensitivity/single/q05/drjohnson/curves.csv.xz,Appendix schedule sensitivity and direct FastGS composition
sensitivity/single/q05/playroom,q05,db,playroom,single,30.44420623779297,0.902705729007721,0.26674458384513855,120.0,109.16279698084773,762.7407974072096,6393.0,3498.54248046875,198726.0,sensitivity,logs/train/sensitivity/single/q05/playroom/curves.csv.xz,Appendix schedule sensitivity and direct FastGS composition
sensitivity/single/q08/bicycle,q08,mipnerf360,bicycle,single,24.772188186645508,0.7119504809379578,0.31308355927467346,232.0,179.49850475008105,556.4551434458082,7921.0,5490.271484375,536860.0,sensitivity,logs/train/sensitivity/single/q08/bicycle/curves.csv.xz,Appendix schedule sensitivity and direct FastGS composition
sensitivity/single/q08/flowers,q08,mipnerf360,flowers,single,21.18419647216797,0.5584517121315002,0.407375305891037,233.0,182.64771063809573,559.0561058063561,7927.0,5003.57666015625,493472.0,sensitivity,logs/train/sensitivity/single/q08/flowers/curves.csv.xz,Appendix schedule sensitivity and direct FastGS composition
sensitivity/single/q08/garden,q08,mipnerf360,garden,single,27.142822265625,0.8341711163520813,0.17615342140197754,294.0,238.13967377098152,466.29149305631046,8763.0,5418.802734375,756240.0,sensitivity,logs/train/sensitivity/single/q08/garden/curves.csv.xz,Appendix schedule sensitivity and direct FastGS composition
sensitivity/single/q08/stump,q08,mipnerf360,stump,single,26.671085357666016,0.7554098963737488,0.29865357279777527,197.0,160.42286621069866,596.5865886321084,6465.0,3845.533203125,387655.0,sensitivity,logs/train/sensitivity/single/q08/stump/curves.csv.xz,Appendix schedule sensitivity and direct FastGS composition
sensitivity/single/q08/treehill,q08,mipnerf360,treehill,single,22.712072372436523,0.6086584329605103,0.4322138726711273,207.0,165.59431268327688,591.7234322174179,6837.0,4171.234375,389234.0,sensitivity,logs/train/sensitivity/single/q08/treehill/curves.csv.xz,Appendix schedule sensitivity and direct FastGS composition
sensitivity/single/q08/room,q08,mipnerf360,room,single,31.778316497802734,0.9177331924438477,0.21973340213298798,195.0,156.24303703657208,666.5916708380923,10541.0,7278.1123046875,210335.0,sensitivity,logs/train/sensitivity/single/q08/room/curves.csv.xz,Appendix schedule sensitivity and direct FastGS composition
sensitivity/single/q08/counter,q08,mipnerf360,counter,single,28.989864349365234,0.9050283432006836,0.206430122256279,212.0,179.4582847115708,580.1258619283847,10097.0,5898.4541015625,207961.0,sensitivity,logs/train/sensitivity/single/q08/counter/curves.csv.xz,Appendix schedule sensitivity and direct FastGS composition
sensitivity/single/q08/kitchen,q08,mipnerf360,kitchen,single,31.66165542602539,0.9274644255638123,0.1286483108997345,277.0,240.00870807712923,468.17667742252183,12367.0,7096.9755859375,380415.0,sensitivity,logs/train/sensitivity/single/q08/kitchen/curves.csv.xz,Appendix schedule sensitivity and direct FastGS composition
sensitivity/single/q08/bonsai,q08,mipnerf360,bonsai,single,31.892215728759766,0.9396399259567261,0.19317440688610077,216.0,177.85349696198315,611.6872394210507,10227.0,7004.34814453125,276995.0,sensitivity,logs/train/sensitivity/single/q08/bonsai/curves.csv.xz,Appendix schedule sensitivity and direct FastGS composition
sensitivity/single/q08/truck,q08,tnt,truck,single,25.557687759399414,0.8699039220809937,0.1832624077796936,121.0,110.9586322855159,688.4624959579971,5061.0,2316.455078125,253494.0,sensitivity,logs/train/sensitivity/single/q08/truck/curves.csv.xz,Appendix schedule sensitivity and direct FastGS composition
sensitivity/single/q08/train,q08,tnt,train,single,22.332189559936523,0.7996617555618286,0.2486635446548462,129.0,117.8014631364154,621.9766577599229,5469.0,2673.451171875,223174.0,sensitivity,logs/train/sensitivity/single/q08/train/curves.csv.xz,Appendix schedule sensitivity and direct FastGS composition
sensitivity/single/q08/drjohnson,q08,db,drjohnson,single,29.371139526367188,0.8959792852401733,0.2785690426826477,133.0,121.40048356423402,715.2456389242362,7511.0,4795.31103515625,244526.0,sensitivity,logs/train/sensitivity/single/q08/drjohnson/curves.csv.xz,Appendix schedule sensitivity and direct FastGS composition
sensitivity/single/q08/playroom,q08,db,playroom,single,30.179319381713867,0.9024277329444885,0.2660631239414215,121.0,111.33424608110681,750.650657457459,6289.0,3521.03271484375,200329.0,sensitivity,logs/train/sensitivity/single/q08/playroom/curves.csv.xz,Appendix schedule sensitivity and direct FastGS composition
sensitivity/single/stabilization0/bicycle,stabilization0,mipnerf360,bicycle,single,24.749958038330078,0.7123939394950867,0.31231603026390076,234.0,182.08522316902904,561.7593564271227,7963.0,5491.62109375,536099.0,sensitivity,logs/train/sensitivity/single/stabilization0/bicycle/curves.csv.xz,Appendix schedule sensitivity and direct FastGS composition
sensitivity/single/stabilization0/flowers,stabilization0,mipnerf360,flowers,single,21.180500030517578,0.5587946176528931,0.40680989623069763,231.0,181.82221140744045,568.6555390780298,7913.0,4994.24658203125,491928.0,sensitivity,logs/train/sensitivity/single/stabilization0/flowers/curves.csv.xz,Appendix schedule sensitivity and direct FastGS composition
sensitivity/single/stabilization0/garden,stabilization0,mipnerf360,garden,single,27.130186080932617,0.8337705135345459,0.176225483417511,298.0,241.336481963342,470.4319095863151,8495.0,5414.32421875,751495.0,sensitivity,logs/train/sensitivity/single/stabilization0/garden/curves.csv.xz,Appendix schedule sensitivity and direct FastGS composition
sensitivity/single/stabilization0/stump,stabilization0,mipnerf360,stump,single,26.633525848388672,0.7553013563156128,0.29875922203063965,197.0,160.9251010114655,591.1917405665425,6293.0,3845.04638671875,389118.0,sensitivity,logs/train/sensitivity/single/stabilization0/stump/curves.csv.xz,Appendix schedule sensitivity and direct FastGS composition
sensitivity/single/stabilization0/treehill,stabilization0,mipnerf360,treehill,single,22.81088638305664,0.6089137196540833,0.43210259079933167,208.0,167.22000752592706,596.7519922540737,7101.0,4176.826171875,394475.0,sensitivity,logs/train/sensitivity/single/stabilization0/treehill/curves.csv.xz,Appendix schedule sensitivity and direct FastGS composition
sensitivity/single/stabilization0/room,stabilization0,mipnerf360,room,single,31.81802749633789,0.9179130792617798,0.21906410157680511,197.0,158.25717726714961,665.2100552514659,10149.0,7267.4970703125,210387.0,sensitivity,logs/train/sensitivity/single/stabilization0/room/curves.csv.xz,Appendix schedule sensitivity and direct FastGS composition
sensitivity/single/stabilization0/counter,stabilization0,mipnerf360,counter,single,28.98011016845703,0.9046565890312195,0.2070748209953308,213.0,180.7265465789699,563.1602756909699,10047.0,5905.34716796875,208115.0,sensitivity,logs/train/sensitivity/single/stabilization0/counter/curves.csv.xz,Appendix schedule sensitivity and direct FastGS composition
sensitivity/single/stabilization0/kitchen,stabilization0,mipnerf360,kitchen,single,31.617849349975586,0.926820695400238,0.12882596254348755,279.0,241.70637333853492,482.8960965814649,11515.0,7101.265625,378997.0,sensitivity,logs/train/sensitivity/single/stabilization0/kitchen/curves.csv.xz,Appendix schedule sensitivity and direct FastGS composition
sensitivity/single/stabilization0/bonsai,stabilization0,mipnerf360,bonsai,single,31.9727725982666,0.9401344060897827,0.19259794056415558,215.0,177.69073854526445,612.4961405859809,10045.0,7003.88134765625,278082.0,sensitivity,logs/train/sensitivity/single/stabilization0/bonsai/curves.csv.xz,Appendix schedule sensitivity and direct FastGS composition
sensitivity/single/stabilization0/truck,stabilization0,tnt,truck,single,25.66149139404297,0.8708181381225586,0.18272988498210907,122.0,111.50803443389283,705.1310904071464,4873.0,2313.291015625,254084.0,sensitivity,logs/train/sensitivity/single/stabilization0/truck/curves.csv.xz,Appendix schedule sensitivity and direct FastGS composition
sensitivity/single/stabilization0/train,stabilization0,tnt,train,single,22.43767547607422,0.8009917140007019,0.24874651432037354,129.0,118.23356704016737,621.9275740417321,6159.0,2673.552734375,223404.0,sensitivity,logs/train/sensitivity/single/stabilization0/train/curves.csv.xz,Appendix schedule sensitivity and direct FastGS composition
sensitivity/single/stabilization0/drjohnson,stabilization0,db,drjohnson,single,29.463153839111328,0.8971686959266663,0.27907344698905945,134.0,121.90856374808354,712.5829283816191,7407.0,4762.73095703125,244884.0,sensitivity,logs/train/sensitivity/single/stabilization0/drjohnson/curves.csv.xz,Appendix schedule sensitivity and direct FastGS composition
sensitivity/single/stabilization0/playroom,stabilization0,db,playroom,single,30.401708602905273,0.9020972847938538,0.26585304737091064,121.0,110.60972278549201,739.3766426969719,6491.0,3492.78173828125,198296.0,sensitivity,logs/train/sensitivity/single/stabilization0/playroom/curves.csv.xz,Appendix schedule sensitivity and direct FastGS composition
sensitivity/single/stabilization1536/bicycle,stabilization1536,mipnerf360,bicycle,single,24.755041122436523,0.711911678314209,0.31278204917907715,233.0,179.81956807636845,564.5048293921053,8249.0,5493.9677734375,535433.0,sensitivity,logs/train/sensitivity/single/stabilization1536/bicycle/curves.csv.xz,Appendix schedule sensitivity and direct FastGS composition
sensitivity/single/stabilization1536/flowers,stabilization1536,mipnerf360,flowers,single,21.17747688293457,0.5580043196678162,0.40745213627815247,231.0,181.261744635705,555.9278055863896,8473.0,5008.6865234375,493286.0,sensitivity,logs/train/sensitivity/single/stabilization1536/flowers/curves.csv.xz,Appendix schedule sensitivity and direct FastGS composition
sensitivity/single/stabilization1536/garden,stabilization1536,mipnerf360,garden,single,27.087249755859375,0.8336439728736877,0.17669762670993805,294.0,237.97533085883236,473.60604854946985,8547.0,5416.95556640625,755594.0,sensitivity,logs/train/sensitivity/single/stabilization1536/garden/curves.csv.xz,Appendix schedule sensitivity and direct FastGS composition
sensitivity/single/stabilization1536/stump,stabilization1536,mipnerf360,stump,single,26.69174575805664,0.7564234733581543,0.29743295907974243,197.0,160.37714539982838,587.9076964911715,6495.0,3854.9345703125,394059.0,sensitivity,logs/train/sensitivity/single/stabilization1536/stump/curves.csv.xz,Appendix schedule sensitivity and direct FastGS composition
sensitivity/single/stabilization1536/treehill,stabilization1536,mipnerf360,treehill,single,22.845678329467773,0.6100357174873352,0.4310365915298462,206.0,165.26522212040845,598.797529883033,6747.0,4180.73193359375,394117.0,sensitivity,logs/train/sensitivity/single/stabilization1536/treehill/curves.csv.xz,Appendix schedule sensitivity and direct FastGS composition
sensitivity/single/stabilization1536/room,stabilization1536,mipnerf360,room,single,31.732158660888672,0.917746901512146,0.22017936408519745,194.0,155.11224731910343,668.3932105854169,10337.0,7273.11376953125,209487.0,sensitivity,logs/train/sensitivity/single/stabilization1536/room/curves.csv.xz,Appendix schedule sensitivity and direct FastGS composition
sensitivity/single/stabilization1536/counter,stabilization1536,mipnerf360,counter,single,28.98094940185547,0.9050242900848389,0.206954225897789,211.0,178.36333221327342,588.7186806770288,9097.0,5895.7060546875,208301.0,sensitivity,logs/train/sensitivity/single/stabilization1536/counter/curves.csv.xz,Appendix schedule sensitivity and direct FastGS composition
sensitivity/single/stabilization1536/kitchen,stabilization1536,mipnerf360,kitchen,single,31.635543823242188,0.9267669916152954,0.12942750751972198,277.0,239.69437433074827,465.1032012613848,11693.0,7112.7470703125,379861.0,sensitivity,logs/train/sensitivity/single/stabilization1536/kitchen/curves.csv.xz,Appendix schedule sensitivity and direct FastGS composition
sensitivity/single/stabilization1536/bonsai,stabilization1536,mipnerf360,bonsai,single,31.9490909576416,0.9399797320365906,0.19265207648277283,215.0,177.82788681994964,615.3063295935906,10699.0,7004.74658203125,277444.0,sensitivity,logs/train/sensitivity/single/stabilization1536/bonsai/curves.csv.xz,Appendix schedule sensitivity and direct FastGS composition
sensitivity/single/stabilization1536/truck,stabilization1536,tnt,truck,single,25.567705154418945,0.8701441884040833,0.18290655314922333,120.0,110.53914914120055,688.0329654466477,4783.0,2307.11376953125,252529.0,sensitivity,logs/train/sensitivity/single/stabilization1536/truck/curves.csv.xz,Appendix schedule sensitivity and direct FastGS composition
sensitivity/single/stabilization1536/train,stabilization1536,tnt,train,single,22.30647850036621,0.7997909188270569,0.24829967319965363,128.0,117.67938385791626,628.4328116597688,5359.0,2679.80712890625,223415.0,sensitivity,logs/train/sensitivity/single/stabilization1536/train/curves.csv.xz,Appendix schedule sensitivity and direct FastGS composition
sensitivity/single/stabilization1536/drjohnson,stabilization1536,db,drjohnson,single,29.411890029907227,0.8969482779502869,0.27918732166290283,132.0,120.67037066022985,711.7435317598705,7719.0,4791.26171875,246347.0,sensitivity,logs/train/sensitivity/single/stabilization1536/drjohnson/curves.csv.xz,Appendix schedule sensitivity and direct FastGS composition
sensitivity/single/stabilization1536/playroom,stabilization1536,db,playroom,single,30.255699157714844,0.9051468968391418,0.26687127351760864,121.0,109.97292212773584,759.7064188742868,6447.0,3510.84912109375,199513.0,sensitivity,logs/train/sensitivity/single/stabilization1536/playroom/curves.csv.xz,Appendix schedule sensitivity and direct FastGS composition
baselines/single/3dgs/bicycle,3dgs,mipnerf360,bicycle,single,25.222827911376953,0.7647764682769775,0.21009187400341034,1883.0,1874.169586724136,68.59071205398035,16046.0,,4900171.0,baselines,logs/train/baselines/single/3dgs/bicycle/curves.csv.xz,Table 1 baselines and appendix complete resource table
baselines/single/3dgs/flowers,3dgs,mipnerf360,flowers,single,21.51276969909668,0.6025283932685852,0.33878085017204285,1257.0,1251.8055707709864,137.3019730086199,10694.0,,2852905.0,baselines,logs/train/baselines/single/3dgs/flowers/curves.csv.xz,Table 1 baselines and appendix complete resource table
baselines/single/3dgs/garden,3dgs,mipnerf360,garden,single,27.373647689819336,0.8639121651649475,0.10804160684347153,1812.0,1805.6056685408112,86.6176797877028,14502.0,,4079883.0,baselines,logs/train/baselines/single/3dgs/garden/curves.csv.xz,Table 1 baselines and appendix complete resource table
baselines/single/3dgs/stump,3dgs,mipnerf360,stump,single,26.622812271118164,0.7708451747894287,0.21501243114471436,1512.0,1507.0392580640037,106.11925894420492,13412.0,,4326805.0,baselines,logs/train/baselines/single/3dgs/stump/curves.csv.xz,Table 1 baselines and appendix complete resource table
baselines/single/3dgs/treehill,3dgs,mipnerf360,treehill,single,22.64051055908203,0.6346980929374695,0.3249531388282776,1394.0,1388.609623566037,113.99907613867197,11470.0,,3223469.0,baselines,logs/train/baselines/single/3dgs/treehill/curves.csv.xz,Table 1 baselines and appendix complete resource table
baselines/single/3dgs/room,3dgs,mipnerf360,room,single,31.605966567993164,0.9187683463096619,0.21954792737960815,1511.0,1501.2782053910196,116.86222468676455,15892.0,,1297788.0,baselines,logs/train/baselines/single/3dgs/room/curves.csv.xz,Table 1 baselines and appendix complete resource table
baselines/single/3dgs/counter,3dgs,mipnerf360,counter,single,29.03829574584961,0.9065319895744324,0.2012273520231247,1442.0,1432.504264694173,124.529833499113,12779.0,,1071788.0,baselines,logs/train/baselines/single/3dgs/counter/curves.csv.xz,Table 1 baselines and appendix complete resource table
baselines/single/3dgs/kitchen,3dgs,mipnerf360,kitchen,single,31.349567413330078,0.9255997538566589,0.12638971209526062,1777.0,1766.3805535531137,100.44888797489618,16107.0,,1597868.0,baselines,logs/train/baselines/single/3dgs/kitchen/curves.csv.xz,Table 1 baselines and appendix complete resource table
baselines/single/3dgs/bonsai,3dgs,mipnerf360,bonsai,single,32.23247146606445,0.9400613307952881,0.2054184377193451,1178.0,1167.7882159559522,166.89569477927864,13289.0,,1068105.0,baselines,logs/train/baselines/single/3dgs/bonsai/curves.csv.xz,Table 1 baselines and appendix complete resource table
baselines/single/3dgs/truck,3dgs,tnt,truck,single,25.45685386657715,0.8808146715164185,0.14349640905857086,1020.0,1014.8090706130024,143.00466691942404,8623.0,,2046452.0,baselines,logs/train/baselines/single/3dgs/truck/curves.csv.xz,Table 1 baselines and appendix complete resource table
baselines/single/3dgs/train,3dgs,tnt,train,single,22.202775955200195,0.8185474872589111,0.19855324923992157,850.0,845.1360570769757,155.89704553023455,8633.0,,1087669.0,baselines,logs/train/baselines/single/3dgs/train/curves.csv.xz,Table 1 baselines and appendix complete resource table
baselines/single/3dgs/drjohnson,3dgs,db,drjohnson,single,29.343341827392578,0.9016129374504089,0.23855634033679962,1838.0,1831.3537306000944,92.03506240278821,16517.0,,3071878.0,baselines,logs/train/baselines/single/3dgs/drjohnson/curves.csv.xz,Table 1 baselines and appendix complete resource table
baselines/single/3dgs/playroom,3dgs,db,playroom,single,30.042251586914062,0.90349280834198,0.24344806373119354,1351.0,1345.2062931330875,137.11271334763708,10327.0,,1847365.0,baselines,logs/train/baselines/single/3dgs/playroom/curves.csv.xz,Table 1 baselines and appendix complete resource table
baselines/single/dash/bicycle,dash,mipnerf360,bicycle,single,25.414772033691406,0.7698448300361633,0.21440763771533966,502.0,474.87784947626153,108.90400105217147,15934.0,9929.3056640625,4260388.0,baselines,logs/train/baselines/single/dash/bicycle/curves.csv.xz,Table 1 baselines and appendix complete resource table
baselines/single/dash/flowers,dash,mipnerf360,flowers,single,21.860902786254883,0.6146021485328674,0.3285934329032898,383.0,364.79785714678263,162.6134021796798,11927.0,7067.81640625,2579700.0,baselines,logs/train/baselines/single/dash/flowers/curves.csv.xz,Table 1 baselines and appendix complete resource table
baselines/single/dash/garden,dash,mipnerf360,garden,single,27.422317504882812,0.8585605621337891,0.12383707612752914,456.0,437.5536833164761,146.09422830529851,13663.0,7659.11279296875,2775426.0,baselines,logs/train/baselines/single/dash/garden/curves.csv.xz,Table 1 baselines and appendix complete resource table
baselines/single/dash/stump,dash,mipnerf360,stump,single,27.01138687133789,0.7809906601905823,0.21729230880737305,308.0,288.59893681880345,166.14740672493562,12939.0,7399.13232421875,3413194.0,baselines,logs/train/baselines/single/dash/stump/curves.csv.xz,Table 1 baselines and appendix complete resource table
baselines/single/dash/treehill,dash,mipnerf360,treehill,single,22.999059677124023,0.6387157440185547,0.3211416006088257,425.0,406.2040075909098,138.339626146392,14359.0,7434.15234375,3204013.0,baselines,logs/train/baselines/single/dash/treehill/curves.csv.xz,Table 1 baselines and appendix complete resource table
baselines/single/dash/room,dash,mipnerf360,room,single,31.66134262084961,0.9135792851448059,0.2328033745288849,310.0,293.4092075134065,130.71558663601473,18127.0,10271.86328125,1043678.0,baselines,logs/train/baselines/single/dash/room/curves.csv.xz,Table 1 baselines and appendix complete resource table
baselines/single/dash/counter,dash,mipnerf360,counter,single,28.913482666015625,0.9008864760398865,0.21168488264083862,312.0,296.85128464387395,134.73149913462862,14947.0,8123.7255859375,790768.0,baselines,logs/train/baselines/single/dash/counter/curves.csv.xz,Table 1 baselines and appendix complete resource table
baselines/single/dash/kitchen,dash,mipnerf360,kitchen,single,31.351743698120117,0.9184815287590027,0.14184057712554932,469.0,451.33234927575234,102.47094893321376,20015.0,10386.81005859375,1252937.0,baselines,logs/train/baselines/single/dash/kitchen/curves.csv.xz,Table 1 baselines and appendix complete resource table
baselines/single/dash/bonsai,dash,mipnerf360,bonsai,single,31.926559448242188,0.9366452097892761,0.20819921791553497,284.0,266.44658898612573,157.95229271423614,15747.0,9261.2783203125,845358.0,baselines,logs/train/baselines/single/dash/bonsai/curves.csv.xz,Table 1 baselines and appendix complete resource table
baselines/single/dash/truck,dash,tnt,truck,single,25.727039337158203,0.8802213668823242,0.15392650663852692,262.0,249.01100658856848,202.43614939329223,9507.0,4542.48828125,1392630.0,baselines,logs/train/baselines/single/dash/truck/curves.csv.xz,Table 1 baselines and appendix complete resource table
baselines/single/dash/train,dash,tnt,train,single,22.180335998535156,0.8140654563903809,0.21072016656398773,302.0,289.3719965356096,173.54208328807658,10301.0,4637.66162109375,1006864.0,baselines,logs/train/baselines/single/dash/train/curves.csv.xz,Table 1 baselines and appendix complete resource table
baselines/single/dash/drjohnson,dash,db,drjohnson,single,29.57023048400879,0.9024189114570618,0.24993813037872314,282.0,263.5612121029888,125.41979842561817,17495.0,9767.68115234375,2523401.0,baselines,logs/train/baselines/single/dash/drjohnson/curves.csv.xz,Table 1 baselines and appendix complete resource table
baselines/single/dash/playroom,dash,db,playroom,single,30.249507904052734,0.9009969234466553,0.25237420201301575,217.0,203.41763288330645,165.72472828342745,12849.0,6261.8798828125,1373711.0,baselines,logs/train/baselines/single/dash/playroom/curves.csv.xz,Table 1 baselines and appendix complete resource table
baselines/single/legs/bicycle,legs,mipnerf360,bicycle,single,25.7445011138916,0.8012199997901917,0.16660529375076294,710.0,669.7096503923528,274.2113161038562,17425.0,11657.36328125,3350168.0,baselines,logs/train/baselines/single/legs/bicycle/curves.csv.xz,Table 1 baselines and appendix complete resource table
baselines/single/legs/flowers,legs,mipnerf360,flowers,single,22.012569427490234,0.6444658637046814,0.27932921051979065,641.0,606.9435958429273,295.9619586804597,14949.0,10235.86474609375,2662391.0,baselines,logs/train/baselines/single/legs/flowers/curves.csv.xz,Table 1 baselines and appendix complete resource table
baselines/single/legs/garden,legs,mipnerf360,garden,single,28.110069274902344,0.8818715214729309,0.08922338485717773,958.0,919.1445656196856,220.77672214182886,22737.0,12906.52587890625,3376993.0,baselines,logs/train/baselines/single/legs/garden/curves.csv.xz,Table 1 baselines and appendix complete resource table
baselines/single/legs/stump,legs,mipnerf360,stump,single,27.376306533813477,0.8108394145965576,0.17659486830234528,554.0,524.7645954411272,337.1333598833628,12353.0,9229.30224609375,2318149.0,baselines,logs/train/baselines/single/legs/stump/curves.csv.xz,Table 1 baselines and appendix complete resource table
baselines/single/legs/treehill,legs,mipnerf360,treehill,single,22.703723907470703,0.6555225253105164,0.27139806747436523,670.0,635.9637232362973,276.63498042536173,17539.0,10685.63330078125,3249911.0,baselines,logs/train/baselines/single/legs/treehill/curves.csv.xz,Table 1 baselines and appendix complete resource table
baselines/single/legs/room,legs,mipnerf360,room,single,32.48689651489258,0.9308485388755798,0.19220736622810364,553.0,507.3160948007256,379.62180168501374,15767.0,12324.84033203125,1035202.0,baselines,logs/train/baselines/single/legs/room/curves.csv.xz,Table 1 baselines and appendix complete resource table
baselines/single/legs/counter,legs,mipnerf360,counter,single,29.83340835571289,0.9193989038467407,0.17800213396549225,560.0,523.3519633723134,363.38508823897615,12907.0,9914.14697265625,824707.0,baselines,logs/train/baselines/single/legs/counter/curves.csv.xz,Table 1 baselines and appendix complete resource table
baselines/single/legs/kitchen,legs,mipnerf360,kitchen,single,32.70530700683594,0.9364452958106995,0.1149216815829277,956.0,910.7619702024343,239.7492132253399,22821.0,14001.08203125,1433023.0,baselines,logs/train/baselines/single/legs/kitchen/curves.csv.xz,Table 1 baselines and appendix complete resource table
baselines/single/legs/bonsai,legs,mipnerf360,bonsai,single,33.57744598388672,0.9525139331817627,0.1770176738500595,688.0,644.0277306668675,332.2781306285649,17521.0,13219.8046875,1248030.0,baselines,logs/train/baselines/single/legs/bonsai/curves.csv.xz,Table 1 baselines and appendix complete resource table
baselines/single/legs/truck,legs,tnt,truck,single,26.544233322143555,0.8958902359008789,0.12454672902822495,662.0,627.9672438130514,318.2151542991388,15889.0,10398.869140625,1893263.0,baselines,logs/train/baselines/single/legs/truck/curves.csv.xz,Table 1 baselines and appendix complete resource table
baselines/single/legs/train,legs,tnt,train,single,22.85004234313965,0.8447755575180054,0.16336318850517273,540.0,502.34729806668497,287.9173066452748,13107.0,9088.51953125,1458762.0,baselines,logs/train/baselines/single/legs/train/curves.csv.xz,Table 1 baselines and appendix complete resource table
baselines/single/legs/drjohnson,legs,db,drjohnson,single,29.593828201293945,0.9072460532188416,0.22811785340309143,435.0,396.7596731290645,498.77828201789805,12451.0,10222.38134765625,1302744.0,baselines,logs/train/baselines/single/legs/drjohnson/curves.csv.xz,Table 1 baselines and appendix complete resource table
baselines/single/legs/playroom,legs,db,playroom,single,30.80726432800293,0.9161080121994019,0.2244446575641632,376.0,342.8928428597143,585.8366141924432,10375.0,7926.38330078125,882138.0,baselines,logs/train/baselines/single/legs/playroom/curves.csv.xz,Table 1 baselines and appendix complete resource table
baselines/single/mini/bicycle,mini,mipnerf360,bicycle,single,25.184316635131836,0.7711254954338074,0.2274148166179657,964.0,,458.0471082514644,10115.0,,535712.0,baselines,logs/train/baselines/single/mini/bicycle/curves.csv.xz,Table 1 baselines and appendix complete resource table
baselines/single/mini/flowers,mini,mipnerf360,flowers,single,21.482749938964844,0.6242611408233643,0.32813137769699097,1049.0,,436.4909421118008,9050.0,,577326.0,baselines,logs/train/baselines/single/mini/flowers/curves.csv.xz,Table 1 baselines and appendix complete resource table
baselines/single/mini/garden,mini,mipnerf360,garden,single,26.778501510620117,0.8439953327178955,0.15023213624954224,1067.0,,448.72239997375334,10408.0,,576653.0,baselines,logs/train/baselines/single/mini/garden/curves.csv.xz,Table 1 baselines and appendix complete resource table
baselines/single/mini/stump,mini,mipnerf360,stump,single,27.231582641601562,0.8050812482833862,0.1979837566614151,963.0,,437.96874086326005,9256.0,,609744.0,baselines,logs/train/baselines/single/mini/stump/curves.csv.xz,Table 1 baselines and appendix complete resource table
baselines/single/mini/treehill,mini,mipnerf360,treehill,single,22.73662567138672,0.6528946757316589,0.31575363874435425,1053.0,,436.9769336365508,9246.0,,573968.0,baselines,logs/train/baselines/single/mini/treehill/curves.csv.xz,Table 1 baselines and appendix complete resource table
baselines/single/mini/room,mini,mipnerf360,room,single,31.21393585205078,0.9190070033073425,0.21419578790664673,1473.0,,365.5371519448375,12994.0,,394575.0,baselines,logs/train/baselines/single/mini/room/curves.csv.xz,Table 1 baselines and appendix complete resource table
baselines/single/mini/counter,mini,mipnerf360,counter,single,28.57199478149414,0.9027509093284607,0.2002561241388321,1740.0,,272.1419635521783,14262.0,,408185.0,baselines,logs/train/baselines/single/mini/counter/curves.csv.xz,Table 1 baselines and appendix complete resource table
baselines/single/mini/kitchen,mini,mipnerf360,kitchen,single,31.199445724487305,0.9236772656440735,0.13020025193691254,1748.0,,307.1346790352266,14234.0,,435685.0,baselines,logs/train/baselines/single/mini/kitchen/curves.csv.xz,Table 1 baselines and appendix complete resource table
baselines/single/mini/bonsai,mini,mipnerf360,bonsai,single,30.983339309692383,0.9365453720092773,0.20256221294403076,1438.0,,369.55211955237354,12502.0,,359969.0,baselines,logs/train/baselines/single/mini/bonsai/curves.csv.xz,Table 1 baselines and appendix complete resource table
baselines/single/mini/truck,mini,tnt,truck,single,25.118202209472656,0.8702774047851562,0.1599425971508026,755.0,,751.0394535130604,8466.0,,214735.0,baselines,logs/train/baselines/single/mini/truck/curves.csv.xz,Table 1 baselines and appendix complete resource table
baselines/single/mini/train,mini,tnt,train,single,21.612987518310547,0.7962276935577393,0.24620863795280457,759.0,,798.4688762853235,9003.0,,188819.0,baselines,logs/train/baselines/single/mini/train/curves.csv.xz,Table 1 baselines and appendix complete resource table
baselines/single/mini/drjohnson,mini,db,drjohnson,single,29.48859214782715,0.9017836451530457,0.2596333622932434,1130.0,,619.0945659529592,11423.0,,379403.0,baselines,logs/train/baselines/single/mini/drjohnson/curves.csv.xz,Table 1 baselines and appendix complete resource table
baselines/single/mini/playroom,mini,db,playroom,single,30.3026065826416,0.9065756797790527,0.25267359614372253,989.0,,680.4484064909325,9221.0,,324845.0,baselines,logs/train/baselines/single/mini/playroom/curves.csv.xz,Table 1 baselines and appendix complete resource table
baselines/single/shorter/bicycle,shorter,mipnerf360,bicycle,single,25.1765862,0.7599278,0.2230255,245.0,,273.7321094246781,17658.0,,5987072.0,baselines,No TensorBoard event file in archive,Table 1 baselines and appendix complete resource table
baselines/single/shorter/flowers,shorter,mipnerf360,flowers,single,21.6437359,0.6059107,0.328974,213.0,,284.5762114047046,14096.0,,3618304.0,baselines,No TensorBoard event file in archive,Table 1 baselines and appendix complete resource table
baselines/single/shorter/garden,shorter,mipnerf360,garden,single,27.1132412,0.8579576,0.1133426,300.0,,178.26582787212442,16882.0,,5728128.0,baselines,No TensorBoard event file in archive,Table 1 baselines and appendix complete resource table
baselines/single/shorter/stump,shorter,mipnerf360,stump,single,26.6613102,0.7676089,0.2392395,168.0,,310.4839131541083,12957.0,,4867328.0,baselines,No TensorBoard event file in archive,Table 1 baselines and appendix complete resource table
baselines/single/shorter/treehill,shorter,mipnerf360,treehill,single,22.4498863,0.6196572,0.3433633,206.0,,294.8475758046867,13432.0,,3770240.0,baselines,No TensorBoard event file in archive,Table 1 baselines and appendix complete resource table
baselines/single/shorter/room,shorter,mipnerf360,room,single,30.8878841,0.9161307,0.2209997,148.0,,308.07809663263777,18847.0,,1548928.0,baselines,No TensorBoard event file in archive,Table 1 baselines and appendix complete resource table
baselines/single/shorter/counter,shorter,mipnerf360,counter,single,28.4253693,0.899012,0.2093093,160.0,,256.0095114644884,15370.0,,1190912.0,baselines,No TensorBoard event file in archive,Table 1 baselines and appendix complete resource table
baselines/single/shorter/kitchen,shorter,mipnerf360,kitchen,single,31.2891674,0.9255736,0.127892,212.0,,219.48747469984292,18721.0,,1803648.0,baselines,No TensorBoard event file in archive,Table 1 baselines and appendix complete resource table
baselines/single/shorter/bonsai,shorter,mipnerf360,bonsai,single,31.4650002,0.9354725,0.2100519,142.0,,319.8245332040874,17431.0,,1252352.0,baselines,No TensorBoard event file in archive,Table 1 baselines and appendix complete resource table
baselines/single/shorter/truck,shorter,tnt,truck,single,25.2366009,0.8760515,0.1435164,193.0,,265.0918657288828,10686.0,,2584064.0,baselines,No TensorBoard event file in archive,Table 1 baselines and appendix complete resource table
baselines/single/shorter/train,shorter,tnt,train,single,21.5572186,0.8101478,0.2004924,191.0,,292.85990750757543,8928.0,,1085440.0,baselines,No TensorBoard event file in archive,Table 1 baselines and appendix complete resource table
baselines/single/shorter/drjohnson,shorter,db,drjohnson,single,29.0145226,0.894284,0.2504205,144.0,,290.79849664755847,18620.0,,3273600.0,baselines,No TensorBoard event file in archive,Table 1 baselines and appendix complete resource table
baselines/single/shorter/playroom,shorter,db,playroom,single,30.03932,0.9003456,0.2462554,123.0,,365.09518540790305,13112.0,,2326016.0,baselines,No TensorBoard event file in archive,Table 1 baselines and appendix complete resource table
baselines/single/speedy/bicycle,speedy,mipnerf360,bicycle,single,24.839492797851562,0.7211524844169617,0.30809277296066284,1064.0,,495.6230651067931,13953.0,,611429.0,baselines,logs/train/baselines/single/speedy/bicycle/curves.csv.xz,Table 1 baselines and appendix complete resource table
baselines/single/speedy/flowers,speedy,mipnerf360,flowers,single,21.324216842651367,0.5762096643447876,0.3978249430656433,866.0,,593.3064798044028,9511.0,,359380.0,baselines,logs/train/baselines/single/speedy/flowers/curves.csv.xz,Table 1 baselines and appendix complete resource table
baselines/single/speedy/garden,speedy,mipnerf360,garden,single,26.686655044555664,0.8267361521720886,0.1887977123260498,1099.0,,497.5801111031437,14515.0,,521621.0,baselines,logs/train/baselines/single/speedy/garden/curves.csv.xz,Table 1 baselines and appendix complete resource table
baselines/single/speedy/stump,speedy,mipnerf360,stump,single,26.718019485473633,0.7701936364173889,0.2594629228115082,934.0,,539.7733785322523,11129.0,,495779.0,baselines,logs/train/baselines/single/speedy/stump/curves.csv.xz,Table 1 baselines and appendix complete resource table
baselines/single/speedy/treehill,speedy,mipnerf360,treehill,single,22.475168228149414,0.5917802453041077,0.4469009041786194,850.0,,670.3408772341893,9661.0,,366058.0,baselines,logs/train/baselines/single/speedy/treehill/curves.csv.xz,Table 1 baselines and appendix complete resource table
baselines/single/speedy/room,speedy,mipnerf360,room,single,30.654550552368164,0.8930684328079224,0.2820383310317993,991.0,,678.8727880249,11155.0,,115594.0,baselines,logs/train/baselines/single/speedy/room/curves.csv.xz,Table 1 baselines and appendix complete resource table
baselines/single/speedy/counter,speedy,mipnerf360,counter,single,28.089860916137695,0.8669177889823914,0.27567988634109497,1004.0,,646.4402734534946,9485.0,,97895.0,baselines,logs/train/baselines/single/speedy/counter/curves.csv.xz,Table 1 baselines and appendix complete resource table
baselines/single/speedy/kitchen,speedy,mipnerf360,kitchen,single,29.82115364074707,0.8879141807556152,0.20338678359985352,1095.0,,623.9026501229032,11285.0,,114993.0,baselines,logs/train/baselines/single/speedy/kitchen/curves.csv.xz,Table 1 baselines and appendix complete resource table
baselines/single/speedy/bonsai,speedy,mipnerf360,bonsai,single,31.004968643188477,0.9179641008377075,0.2533506453037262,950.0,,690.1413849018669,10687.0,,129206.0,baselines,logs/train/baselines/single/speedy/bonsai/curves.csv.xz,Table 1 baselines and appendix complete resource table
baselines/single/speedy/truck,speedy,tnt,truck,single,25.16314697265625,0.8638572692871094,0.1911032646894455,609.0,,684.3814818988725,8007.0,,255741.0,baselines,logs/train/baselines/single/speedy/truck/curves.csv.xz,Table 1 baselines and appendix complete resource table
baselines/single/speedy/train,speedy,tnt,train,single,21.674575805664062,0.7691748738288879,0.29057759046554565,471.0,,822.0526669741665,5853.0,,108129.0,baselines,logs/train/baselines/single/speedy/train/curves.csv.xz,Table 1 baselines and appendix complete resource table
baselines/single/speedy/drjohnson,speedy,db,drjohnson,single,29.081867218017578,0.8972283005714417,0.2690874934196472,979.0,,660.9863963250823,10483.0,,310001.0,baselines,logs/train/baselines/single/speedy/drjohnson/curves.csv.xz,Table 1 baselines and appendix complete resource table
baselines/single/speedy/playroom,speedy,db,playroom,single,29.980810165405273,0.9012686610221863,0.27394217252731323,800.0,,771.9567984985541,8850.0,,185927.0,baselines,logs/train/baselines/single/speedy/playroom/curves.csv.xz,Table 1 baselines and appendix complete resource table
baselines/single/taming/bicycle,taming,mipnerf360,bicycle,single,24.854429244995117,0.717934250831604,0.2946262061595917,391.0,,217.2601982605393,12280.0,,813220.0,baselines,logs/train/baselines/single/taming/bicycle/curves.csv.xz,Table 1 baselines and appendix complete resource table
baselines/single/taming/flowers,taming,mipnerf360,flowers,single,21.0452823638916,0.5560699105262756,0.4088977873325348,316.0,,289.0286381432784,7606.0,,574565.0,baselines,logs/train/baselines/single/taming/flowers/curves.csv.xz,Table 1 baselines and appendix complete resource table
baselines/single/taming/garden,taming,mipnerf360,garden,single,27.383031845092773,0.8553345799446106,0.12689615786075592,689.0,,174.52118106205634,10158.0,,1891213.0,baselines,logs/train/baselines/single/taming/garden/curves.csv.xz,Table 1 baselines and appendix complete resource table
baselines/single/taming/stump,taming,mipnerf360,stump,single,25.922060012817383,0.7308372259140015,0.29436013102531433,267.0,,305.3029772913946,5624.0,,480200.0,baselines,logs/train/baselines/single/taming/stump/curves.csv.xz,Table 1 baselines and appendix complete resource table
baselines/single/taming/treehill,taming,mipnerf360,treehill,single,22.919612884521484,0.6256265044212341,0.3861047327518463,376.0,,229.13842588539868,7734.0,,784572.0,baselines,logs/train/baselines/single/taming/treehill/curves.csv.xz,Table 1 baselines and appendix complete resource table
baselines/single/taming/room,taming,mipnerf360,room,single,31.500057220458984,0.9077798128128052,0.25051766633987427,332.0,,232.60292019242092,13650.0,,225119.0,baselines,logs/train/baselines/single/taming/room/curves.csv.xz,Table 1 baselines and appendix complete resource table
baselines/single/taming/counter,taming,mipnerf360,counter,single,28.97455596923828,0.8995964527130127,0.2206735759973526,399.0,,206.92952031563152,11848.0,,311347.0,baselines,logs/train/baselines/single/taming/counter/curves.csv.xz,Table 1 baselines and appendix complete resource table
baselines/single/taming/kitchen,taming,mipnerf360,kitchen,single,31.27688980102539,0.9215918183326721,0.13963516056537628,490.0,,186.96768951573725,13136.0,,482446.0,baselines,logs/train/baselines/single/taming/kitchen/curves.csv.xz,Table 1 baselines and appendix complete resource table
baselines/single/taming/bonsai,taming,mipnerf360,bonsai,single,32.1524543762207,0.9360488653182983,0.22045810520648956,387.0,,223.39397623009398,11490.0,,412979.0,baselines,logs/train/baselines/single/taming/bonsai/curves.csv.xz,Table 1 baselines and appendix complete resource table
baselines/single/taming/truck,taming,tnt,truck,single,25.267642974853516,0.865276038646698,0.18357741832733154,205.0,,378.4315770592891,5692.0,,271895.0,baselines,logs/train/baselines/single/taming/truck/curves.csv.xz,Table 1 baselines and appendix complete resource table
baselines/single/taming/train,taming,tnt,train,single,22.615747451782227,0.8074641227722168,0.23305130004882812,250.0,,314.1543332006259,7088.0,,365153.0,baselines,logs/train/baselines/single/taming/train/curves.csv.xz,Table 1 baselines and appendix complete resource table
baselines/single/taming/drjohnson,taming,db,drjohnson,single,29.236461639404297,0.8964071273803711,0.2699967920780182,276.0,,305.0899390437443,8526.0,,403919.0,baselines,logs/train/baselines/single/taming/drjohnson/curves.csv.xz,Table 1 baselines and appendix complete resource table
baselines/single/taming/playroom,taming,db,playroom,single,30.09851837158203,0.8968109488487244,0.2781614661216736,210.0,,354.6492403348423,7166.0,,184847.0,baselines,logs/train/baselines/single/taming/playroom/curves.csv.xz,Table 1 baselines and appendix complete resource table
transfer/single/vanilla_factorgrad_late/drjohnson,vanilla_factorgrad_late,db,drjohnson,single,29.35883140563965,0.9025806188583374,0.23953476548194885,,1896.0199995710282,,,,3079325.0,transfer,logs/train/transfer/single/vanilla_factorgrad_late/drjohnson/curves.csv.xz,Main and appendix cross-host paired results
transfer/single/vanilla_factorgrad_late/playroom,vanilla_factorgrad_late,db,playroom,single,29.93326187133789,0.9037132263183594,0.24546808004379272,,1391.7009175840067,,,,1842051.0,transfer,logs/train/transfer/single/vanilla_factorgrad_late/playroom/curves.csv.xz,Main and appendix cross-host paired results
transfer/single/vanilla_factorgrad_late/bicycle,vanilla_factorgrad_late,mipnerf360,bicycle,single,25.163610458374023,0.7479591965675354,0.2435295432806015,,2328.341097807046,,,,4761082.0,transfer,logs/train/transfer/single/vanilla_factorgrad_late/bicycle/curves.csv.xz,Main and appendix cross-host paired results
transfer/single/vanilla_factorgrad_late/bonsai,vanilla_factorgrad_late,mipnerf360,bonsai,single,32.401092529296875,0.9453020095825195,0.1818726807832718,,1248.515391744906,,,,1064515.0,transfer,logs/train/transfer/single/vanilla_factorgrad_late/bonsai/curves.csv.xz,Main and appendix cross-host paired results
transfer/single/vanilla_factorgrad_late/counter,vanilla_factorgrad_late,mipnerf360,counter,single,29.063148498535156,0.9130573868751526,0.18515273928642273,,1531.2847624019487,,,,1043832.0,transfer,logs/train/transfer/single/vanilla_factorgrad_late/counter/curves.csv.xz,Main and appendix cross-host paired results
transfer/single/vanilla_factorgrad_late/flowers,vanilla_factorgrad_late,mipnerf360,flowers,single,21.36545181274414,0.5851444602012634,0.3619022071361542,,1583.4836387599353,,,,2843780.0,transfer,logs/train/transfer/single/vanilla_factorgrad_late/flowers/curves.csv.xz,Main and appendix cross-host paired results
transfer/single/vanilla_factorgrad_late/garden,vanilla_factorgrad_late,mipnerf360,garden,single,27.29096031188965,0.8550960421562195,0.12440767139196396,,2243.328729009023,,,,4190712.0,transfer,logs/train/transfer/single/vanilla_factorgrad_late/garden/curves.csv.xz,Main and appendix cross-host paired results
transfer/single/vanilla_factorgrad_late/kitchen,vanilla_factorgrad_late,mipnerf360,kitchen,single,31.454652786254883,0.9306493401527405,0.11782748252153397,,1868.072356948047,,,,1535831.0,transfer,logs/train/transfer/single/vanilla_factorgrad_late/kitchen/curves.csv.xz,Main and appendix cross-host paired results
transfer/single/vanilla_factorgrad_late/room,vanilla_factorgrad_late,mipnerf360,room,single,31.675731658935547,0.9257426261901855,0.19756846129894257,,1587.4157039190177,,,,1254462.0,transfer,logs/train/transfer/single/vanilla_factorgrad_late/room/curves.csv.xz,Main and appendix cross-host paired results
transfer/single/vanilla_factorgrad_late/stump,vanilla_factorgrad_late,mipnerf360,stump,single,26.60479736328125,0.7678190469741821,0.24613255262374878,,1757.9932468399638,,,,4056938.0,transfer,logs/train/transfer/single/vanilla_factorgrad_late/stump/curves.csv.xz,Main and appendix cross-host paired results
transfer/single/vanilla_factorgrad_late/treehill,vanilla_factorgrad_late,mipnerf360,treehill,single,22.66263198852539,0.6355656981468201,0.34740152955055237,,1703.141885507037,,,,3073765.0,transfer,logs/train/transfer/single/vanilla_factorgrad_late/treehill/curves.csv.xz,Main and appendix cross-host paired results
transfer/single/vanilla_factorgrad_late/train,vanilla_factorgrad_late,tnt,train,single,21.906234741210938,0.8152313232421875,0.20068198442459106,,875.5284556939732,,,,1090222.0,transfer,logs/train/transfer/single/vanilla_factorgrad_late/train/curves.csv.xz,Main and appendix cross-host paired results
transfer/single/vanilla_factorgrad_late/truck,vanilla_factorgrad_late,tnt,truck,single,25.334857940673828,0.8790469169616699,0.14596910774707794,,1056.2327157990076,,,,2051219.0,transfer,logs/train/transfer/single/vanilla_factorgrad_late/truck/curves.csv.xz,Main and appendix cross-host paired results
transfer/single/vanilla_raw/drjohnson,vanilla_raw,db,drjohnson,single,29.454187393188477,0.9025226831436157,0.23920296132564545,,2008.6808273700299,,,,3067189.0,transfer,logs/train/transfer/single/vanilla_raw/drjohnson/curves.csv.xz,Main and appendix cross-host paired results
transfer/single/vanilla_raw/playroom,vanilla_raw,db,playroom,single,30.11162757873535,0.9031293988227844,0.24287353456020355,,1480.948339005001,,,,1846319.0,transfer,logs/train/transfer/single/vanilla_raw/playroom/curves.csv.xz,Main and appendix cross-host paired results
transfer/single/vanilla_raw/bicycle,vanilla_raw,mipnerf360,bicycle,single,25.136960983276367,0.7475314140319824,0.2408895343542099,,2319.837510398007,,,,4767822.0,transfer,logs/train/transfer/single/vanilla_raw/bicycle/curves.csv.xz,Main and appendix cross-host paired results
transfer/single/vanilla_raw/bonsai,vanilla_raw,mipnerf360,bonsai,single,32.35750198364258,0.9458656311035156,0.18023066222667694,,1331.4451871059136,,,,1069649.0,transfer,logs/train/transfer/single/vanilla_raw/bonsai/curves.csv.xz,Main and appendix cross-host paired results
transfer/single/vanilla_raw/counter,vanilla_raw,mipnerf360,counter,single,29.11327362060547,0.9145320653915405,0.18296514451503754,,1613.503801631974,,,,1035942.0,transfer,logs/train/transfer/single/vanilla_raw/counter/curves.csv.xz,Main and appendix cross-host paired results
transfer/single/vanilla_raw/flowers,vanilla_raw,mipnerf360,flowers,single,21.36690902709961,0.5878921151161194,0.35891419649124146,,1613.642228687997,,,,2835873.0,transfer,logs/train/transfer/single/vanilla_raw/flowers/curves.csv.xz,Main and appendix cross-host paired results
transfer/single/vanilla_raw/garden,vanilla_raw,mipnerf360,garden,single,27.345705032348633,0.8563578128814697,0.12232198566198349,,2366.832933426951,,,,4199274.0,transfer,logs/train/transfer/single/vanilla_raw/garden/curves.csv.xz,Main and appendix cross-host paired results
transfer/single/vanilla_raw/kitchen,vanilla_raw,mipnerf360,kitchen,single,31.474252700805664,0.9320096969604492,0.11587859690189362,,1985.4945921120234,,,,1558895.0,transfer,logs/train/transfer/single/vanilla_raw/kitchen/curves.csv.xz,Main and appendix cross-host paired results
transfer/single/vanilla_raw/room,vanilla_raw,mipnerf360,room,single,31.782745361328125,0.9270065426826477,0.19633932411670685,,1674.9488998749293,,,,1253035.0,transfer,logs/train/transfer/single/vanilla_raw/room/curves.csv.xz,Main and appendix cross-host paired results
transfer/single/vanilla_raw/stump,vanilla_raw,mipnerf360,stump,single,26.659963607788086,0.7675355076789856,0.24407252669334412,,1845.563047360978,,,,3986956.0,transfer,logs/train/transfer/single/vanilla_raw/stump/curves.csv.xz,Main and appendix cross-host paired results
transfer/single/vanilla_raw/treehill,vanilla_raw,mipnerf360,treehill,single,22.59825897216797,0.6360518932342529,0.3464089632034302,,1813.0963319890434,,,,3038761.0,transfer,logs/train/transfer/single/vanilla_raw/treehill/curves.csv.xz,Main and appendix cross-host paired results
transfer/single/vanilla_raw/train,vanilla_raw,tnt,train,single,22.122453689575195,0.8178511261940002,0.19700610637664795,,929.1460438329959,,,,1090865.0,transfer,logs/train/transfer/single/vanilla_raw/train/curves.csv.xz,Main and appendix cross-host paired results
transfer/single/vanilla_raw/truck,vanilla_raw,tnt,truck,single,25.416019439697266,0.8804102540016174,0.14332130551338196,,1114.5820332069416,,,,2059623.0,transfer,logs/train/transfer/single/vanilla_raw/truck/curves.csv.xz,Main and appendix cross-host paired results
transfer/single/taming_factorgrad_full/bicycle,taming_factorgrad_full,mipnerf360,bicycle,single,24.84292221069336,0.7169347405433655,0.2963719666004181,407.0,397.03472661972046,,,,813220.0,transfer,logs/train/transfer/single/taming_factorgrad_full/bicycle/curves.csv.xz,Main and appendix cross-host paired results
transfer/single/taming_factorgrad_full/bonsai,taming_factorgrad_full,mipnerf360,bonsai,single,32.052528381347656,0.9343039989471436,0.2223096489906311,389.0,374.90987181663513,,,,412979.0,transfer,logs/train/transfer/single/taming_factorgrad_full/bonsai/curves.csv.xz,Main and appendix cross-host paired results
transfer/single/taming_factorgrad_full/counter,taming_factorgrad_full,mipnerf360,counter,single,28.83833885192871,0.8977845907211304,0.22320200502872467,406.0,393.4151437282562,,,,311347.0,transfer,logs/train/transfer/single/taming_factorgrad_full/counter/curves.csv.xz,Main and appendix cross-host paired results
transfer/single/taming_factorgrad_full/drjohnson,taming_factorgrad_full,db,drjohnson,single,29.479524612426758,0.8997723460197449,0.2710719704627991,281.0,271.46502804756165,,,,403919.0,transfer,logs/train/transfer/single/taming_factorgrad_full/drjohnson/curves.csv.xz,Main and appendix cross-host paired results
transfer/single/taming_factorgrad_full/flowers,taming_factorgrad_full,mipnerf360,flowers,single,21.075237274169922,0.5570665001869202,0.4080103039741516,329.0,319.5473310947418,,,,574565.0,transfer,logs/train/transfer/single/taming_factorgrad_full/flowers/curves.csv.xz,Main and appendix cross-host paired results
transfer/single/taming_factorgrad_full/garden,taming_factorgrad_full,mipnerf360,garden,single,27.34291648864746,0.8546216487884521,0.12795357406139374,746.0,733.5928688049316,,,,1962194.0,transfer,logs/train/transfer/single/taming_factorgrad_full/garden/curves.csv.xz,Main and appendix cross-host paired results
transfer/single/taming_factorgrad_full/kitchen,taming_factorgrad_full,mipnerf360,kitchen,single,31.268878936767578,0.9208161234855652,0.14033816754817963,501.0,486.54230880737305,,,,482446.0,transfer,logs/train/transfer/single/taming_factorgrad_full/kitchen/curves.csv.xz,Main and appendix cross-host paired results
transfer/single/taming_factorgrad_full/playroom,taming_factorgrad_full,db,playroom,single,30.06516456604004,0.9000124335289001,0.278813898563385,210.0,201.81316447257996,,,,184847.0,transfer,logs/train/transfer/single/taming_factorgrad_full/playroom/curves.csv.xz,Main and appendix cross-host paired results
transfer/single/taming_factorgrad_full/room,taming_factorgrad_full,mipnerf360,room,single,31.40641212463379,0.9063969254493713,0.2518032491207123,337.0,322.12254524230957,,,,225119.0,transfer,logs/train/transfer/single/taming_factorgrad_full/room/curves.csv.xz,Main and appendix cross-host paired results
transfer/single/taming_factorgrad_full/stump,taming_factorgrad_full,mipnerf360,stump,single,25.95785140991211,0.7318899631500244,0.29441696405410767,274.0,267.21236848831177,,,,480200.0,transfer,logs/train/transfer/single/taming_factorgrad_full/stump/curves.csv.xz,Main and appendix cross-host paired results
transfer/single/taming_factorgrad_full/train,taming_factorgrad_full,tnt,train,single,22.457304000854492,0.8053621053695679,0.23662112653255463,255.0,247.86153864860535,,,,365153.0,transfer,logs/train/transfer/single/taming_factorgrad_full/train/curves.csv.xz,Main and appendix cross-host paired results
transfer/single/taming_factorgrad_full/treehill,taming_factorgrad_full,mipnerf360,treehill,single,23.019853591918945,0.6244742274284363,0.3896717429161072,389.0,381.19569730758667,,,,784572.0,transfer,logs/train/transfer/single/taming_factorgrad_full/treehill/curves.csv.xz,Main and appendix cross-host paired results
transfer/single/taming_factorgrad_full/truck,taming_factorgrad_full,tnt,truck,single,25.17690658569336,0.8638811707496643,0.18610602617263794,211.0,204.1901080608368,,,,271895.0,transfer,logs/train/transfer/single/taming_factorgrad_full/truck/curves.csv.xz,Main and appendix cross-host paired results
transfer/single/taming_raw/bicycle,taming_raw,mipnerf360,bicycle,single,24.86453628540039,0.7173053622245789,0.2955174744129181,412.0,,,,,,transfer,logs/train/transfer/single/taming_raw/bicycle/curves.csv.xz,Main and appendix cross-host paired results
transfer/single/taming_raw/bonsai,taming_raw,mipnerf360,bonsai,single,32.14508056640625,0.9345488548278809,0.22054238617420197,402.0,,,,,,transfer,logs/train/transfer/single/taming_raw/bonsai/curves.csv.xz,Main and appendix cross-host paired results
transfer/single/taming_raw/counter,taming_raw,mipnerf360,counter,single,28.980932235717773,0.8996505737304688,0.2206321656703949,414.0,,,,,,transfer,logs/train/transfer/single/taming_raw/counter/curves.csv.xz,Main and appendix cross-host paired results
transfer/single/taming_raw/drjohnson,taming_raw,db,drjohnson,single,29.405670166015625,0.8988933563232422,0.2698023319244385,294.0,,,,,,transfer,logs/train/transfer/single/taming_raw/drjohnson/curves.csv.xz,Main and appendix cross-host paired results
transfer/single/taming_raw/flowers,taming_raw,mipnerf360,flowers,single,20.976043701171875,0.5544424057006836,0.4099852442741394,336.0,,,,,,transfer,logs/train/transfer/single/taming_raw/flowers/curves.csv.xz,Main and appendix cross-host paired results
transfer/single/taming_raw/garden,taming_raw,mipnerf360,garden,single,27.4007511138916,0.8553571701049805,0.12701500952243805,748.0,,,,,,transfer,logs/train/transfer/single/taming_raw/garden/curves.csv.xz,Main and appendix cross-host paired results
transfer/single/taming_raw/kitchen,taming_raw,mipnerf360,kitchen,single,31.320199966430664,0.9216820597648621,0.1393323689699173,515.0,,,,,,transfer,logs/train/transfer/single/taming_raw/kitchen/curves.csv.xz,Main and appendix cross-host paired results
transfer/single/taming_raw/playroom,taming_raw,db,playroom,single,30.30487823486328,0.899741530418396,0.2778281271457672,217.0,,,,,,transfer,logs/train/transfer/single/taming_raw/playroom/curves.csv.xz,Main and appendix cross-host paired results
transfer/single/taming_raw/room,taming_raw,mipnerf360,room,single,31.448427200317383,0.9076250791549683,0.2498576045036316,348.0,,,,,,transfer,logs/train/transfer/single/taming_raw/room/curves.csv.xz,Main and appendix cross-host paired results
transfer/single/taming_raw/stump,taming_raw,mipnerf360,stump,single,25.818767547607422,0.7296936511993408,0.29566842317581177,281.0,,,,,,transfer,logs/train/transfer/single/taming_raw/stump/curves.csv.xz,Main and appendix cross-host paired results
transfer/single/taming_raw/train,taming_raw,tnt,train,single,22.68212890625,0.807237446308136,0.23326840996742249,261.0,,,,,,transfer,logs/train/transfer/single/taming_raw/train/curves.csv.xz,Main and appendix cross-host paired results
transfer/single/taming_raw/treehill,taming_raw,mipnerf360,treehill,single,23.039113998413086,0.6253046989440918,0.3862735331058502,399.0,,,,,,transfer,logs/train/transfer/single/taming_raw/treehill/curves.csv.xz,Main and appendix cross-host paired results
transfer/single/taming_raw/truck,taming_raw,tnt,truck,single,25.2885799407959,0.8653049468994141,0.18330490589141846,215.0,,,,,,transfer,logs/train/transfer/single/taming_raw/truck/curves.csv.xz,Main and appendix cross-host paired results
transfer/single/dash_factorgrad_full/bicycle,dash_factorgrad_full,mipnerf360,bicycle,single,25.35989761352539,0.7679280638694763,0.21565823256969452,500.0,476.6083614753053,107.75298890024956,15553.0,9949.3896484375,4269137.0,transfer,logs/train/transfer/single/dash_factorgrad_full/bicycle/curves.csv.xz,Main and appendix cross-host paired results
transfer/single/dash_factorgrad_full/bonsai,dash_factorgrad_full,mipnerf360,bonsai,single,31.89434051513672,0.9360489845275879,0.2095188945531845,294.0,275.0383650653493,151.12261028996278,15462.0,9268.63671875,857116.0,transfer,logs/train/transfer/single/dash_factorgrad_full/bonsai/curves.csv.xz,Main and appendix cross-host paired results
transfer/single/dash_factorgrad_full/counter,dash_factorgrad_full,mipnerf360,counter,single,28.818931579589844,0.8992017507553101,0.21361777186393738,320.0,303.2842163962713,132.1095354475912,17222.0,8136.86279296875,808848.0,transfer,logs/train/transfer/single/dash_factorgrad_full/counter/curves.csv.xz,Main and appendix cross-host paired results
transfer/single/dash_factorgrad_full/drjohnson,dash_factorgrad_full,db,drjohnson,single,29.506149291992188,0.9020805954933167,0.2518242299556732,292.0,270.9821677307982,117.9424638417568,17724.0,9783.3193359375,2543799.0,transfer,logs/train/transfer/single/dash_factorgrad_full/drjohnson/curves.csv.xz,Main and appendix cross-host paired results
transfer/single/dash_factorgrad_full/flowers,dash_factorgrad_full,mipnerf360,flowers,single,21.857820510864258,0.6145281791687012,0.32845064997673035,386.0,367.92427157113974,162.25562300968107,12483.0,7099.10400390625,2606057.0,transfer,logs/train/transfer/single/dash_factorgrad_full/flowers/curves.csv.xz,Main and appendix cross-host paired results
transfer/single/dash_factorgrad_full/garden,dash_factorgrad_full,mipnerf360,garden,single,27.43186378479004,0.8579811453819275,0.12397387623786926,479.0,460.2210134776099,134.5426011423566,14110.0,7820.23779296875,2887682.0,transfer,logs/train/transfer/single/dash_factorgrad_full/garden/curves.csv.xz,Main and appendix cross-host paired results
transfer/single/dash_factorgrad_full/kitchen,dash_factorgrad_full,mipnerf360,kitchen,single,31.222627639770508,0.9166721701622009,0.14364570379257202,488.0,467.34576308774143,95.91821259551008,19854.0,10472.22216796875,1305011.0,transfer,logs/train/transfer/single/dash_factorgrad_full/kitchen/curves.csv.xz,Main and appendix cross-host paired results
transfer/single/dash_factorgrad_full/playroom,dash_factorgrad_full,db,playroom,single,29.919578552246094,0.8990231156349182,0.25322815775871277,231.0,215.79830260211935,157.21860300132093,12206.0,6400.01513671875,1471724.0,transfer,logs/train/transfer/single/dash_factorgrad_full/playroom/curves.csv.xz,Main and appendix cross-host paired results
transfer/single/dash_factorgrad_full/room,dash_factorgrad_full,mipnerf360,room,single,31.621307373046875,0.9131579399108887,0.23272697627544403,320.0,301.87438534559476,126.47714791434517,16610.0,10323.73828125,1076304.0,transfer,logs/train/transfer/single/dash_factorgrad_full/room/curves.csv.xz,Main and appendix cross-host paired results
transfer/single/dash_factorgrad_full/stump,dash_factorgrad_full,mipnerf360,stump,single,27.075576782226562,0.7837893962860107,0.214918851852417,319.0,299.3661209964798,159.51635893979892,13016.0,7509.3447265625,3488460.0,transfer,logs/train/transfer/single/dash_factorgrad_full/stump/curves.csv.xz,Main and appendix cross-host paired results
transfer/single/dash_factorgrad_full/train,dash_factorgrad_full,tnt,train,single,22.034276962280273,0.8098337054252625,0.2162337601184845,314.0,298.67459873373747,163.53865850346284,11230.0,4651.3359375,1004190.0,transfer,logs/train/transfer/single/dash_factorgrad_full/train/curves.csv.xz,Main and appendix cross-host paired results
transfer/single/dash_factorgrad_full/treehill,dash_factorgrad_full,mipnerf360,treehill,single,22.970701217651367,0.6395502686500549,0.3211519718170166,440.0,419.76246856652745,131.90122882903324,13760.0,7506.32373046875,3250983.0,transfer,logs/train/transfer/single/dash_factorgrad_full/treehill/curves.csv.xz,Main and appendix cross-host paired results
transfer/single/dash_factorgrad_full/truck,dash_factorgrad_full,tnt,truck,single,25.672332763671875,0.8788543939590454,0.1557094305753708,275.0,258.72533625761105,194.7931246323705,9640.0,4572.78271484375,1410160.0,transfer,logs/train/transfer/single/dash_factorgrad_full/truck/curves.csv.xz,Main and appendix cross-host paired results
transfer/single/dash_raw/bicycle,dash_raw,mipnerf360,bicycle,single,25.335851669311523,0.7692587375640869,0.21451573073863983,514.0,489.7416856961161,108.52787257725524,16440.0,9936.09423828125,4283720.0,transfer,logs/train/transfer/single/dash_raw/bicycle/curves.csv.xz,Main and appendix cross-host paired results
transfer/single/dash_raw/bonsai,dash_raw,mipnerf360,bonsai,single,31.98795509338379,0.9365377426147461,0.20824284851551056,299.0,279.93898451914197,146.96578569170467,15038.0,9264.72119140625,847341.0,transfer,logs/train/transfer/single/dash_raw/bonsai/curves.csv.xz,Main and appendix cross-host paired results
transfer/single/dash_raw/counter,dash_raw,mipnerf360,counter,single,28.933610916137695,0.9008415937423706,0.2114432454109192,322.0,305.27114258940156,129.25925669440593,17448.0,8125.8974609375,787692.0,transfer,logs/train/transfer/single/dash_raw/counter/curves.csv.xz,Main and appendix cross-host paired results
transfer/single/dash_raw/drjohnson,dash_raw,db,drjohnson,single,29.39206886291504,0.9007412195205688,0.25064483284950256,294.0,273.64457264215446,115.29951953557641,17996.0,9793.15087890625,2534384.0,transfer,logs/train/transfer/single/dash_raw/drjohnson/curves.csv.xz,Main and appendix cross-host paired results
transfer/single/dash_raw/flowers,dash_raw,mipnerf360,flowers,single,21.86484718322754,0.6152167916297913,0.32779109477996826,391.0,373.18945577669797,154.40462575322383,12517.0,7073.7060546875,2582937.0,transfer,logs/train/transfer/single/dash_raw/flowers/curves.csv.xz,Main and appendix cross-host paired results
transfer/single/dash_raw/garden,dash_raw,mipnerf360,garden,single,27.448646545410156,0.8588194251060486,0.12358852475881577,475.0,454.95495498043954,137.34412466184926,13447.0,7659.95263671875,2773469.0,transfer,logs/train/transfer/single/dash_raw/garden/curves.csv.xz,Main and appendix cross-host paired results
transfer/single/dash_raw/kitchen,dash_raw,mipnerf360,kitchen,single,31.32645034790039,0.9186206459999084,0.14196237921714783,488.0,468.1336414394786,95.67388658813746,19697.0,10389.04541015625,1241695.0,transfer,logs/train/transfer/single/dash_raw/kitchen/curves.csv.xz,Main and appendix cross-host paired results
transfer/single/dash_raw/playroom,dash_raw,db,playroom,single,30.581459045410156,0.9051979184150696,0.25214940309524536,231.0,214.73203982277778,160.56752314214032,12886.0,6274.66455078125,1380987.0,transfer,logs/train/transfer/single/dash_raw/playroom/curves.csv.xz,Main and appendix cross-host paired results
transfer/single/dash_raw/room,dash_raw,mipnerf360,room,single,31.607816696166992,0.9140104651451111,0.23275849223136902,323.0,304.6509645277798,125.89934885195775,18526.0,10295.35205078125,1046424.0,transfer,logs/train/transfer/single/dash_raw/room/curves.csv.xz,Main and appendix cross-host paired results
transfer/single/dash_raw/stump,dash_raw,mipnerf360,stump,single,27.005615234375,0.7814744710922241,0.21695566177368164,320.0,300.61108134286843,156.8066656869972,13082.0,7419.7578125,3418270.0,transfer,logs/train/transfer/single/dash_raw/stump/curves.csv.xz,Main and appendix cross-host paired results
transfer/single/dash_raw/train,dash_raw,tnt,train,single,22.24793815612793,0.8156538009643555,0.20958465337753296,317.0,301.7182750487353,163.29446756165913,10542.0,4638.81982421875,1002955.0,transfer,logs/train/transfer/single/dash_raw/train/curves.csv.xz,Main and appendix cross-host paired results
transfer/single/dash_raw/treehill,dash_raw,mipnerf360,treehill,single,22.886133193969727,0.6378641724586487,0.32218077778816223,439.0,419.1133525551206,137.84888609404084,12732.0,7396.533203125,3169789.0,transfer,logs/train/transfer/single/dash_raw/treehill/curves.csv.xz,Main and appendix cross-host paired results
transfer/single/dash_raw/truck,dash_raw,tnt,truck,single,25.77033042907715,0.8805176615715027,0.15374262630939484,276.0,259.36322185490593,190.12525175944526,9752.0,4558.994140625,1400390.0,transfer,logs/train/transfer/single/dash_raw/truck/curves.csv.xz,Main and appendix cross-host paired results
transfer/single/legs_factorgrad_full/bicycle,legs_factorgrad_full,mipnerf360,bicycle,single,25.722410202026367,0.7999327778816223,0.16985376179218292,729.0,687.6564743985089,268.0733244244621,17696.0,11569.95849609375,3257113.0,transfer,logs/train/transfer/single/legs_factorgrad_full/bicycle/curves.csv.xz,Main and appendix cross-host paired results
transfer/single/legs_factorgrad_full/bonsai,legs_factorgrad_full,mipnerf360,bonsai,single,33.292198181152344,0.9509314298629761,0.17988328635692596,705.0,658.7679613628649,325.9103654382586,17875.0,13176.58056640625,1145217.0,transfer,logs/train/transfer/single/legs_factorgrad_full/bonsai/curves.csv.xz,Main and appendix cross-host paired results
transfer/single/legs_factorgrad_full/counter,legs_factorgrad_full,mipnerf360,counter,single,29.71366310119629,0.9182568788528442,0.1808072179555893,571.0,529.7502860744174,350.2023289110362,13371.0,10255.38427734375,783068.0,transfer,logs/train/transfer/single/legs_factorgrad_full/counter/curves.csv.xz,Main and appendix cross-host paired results
transfer/single/legs_factorgrad_full/drjohnson,legs_factorgrad_full,db,drjohnson,single,29.629878997802734,0.9113767147064209,0.2280370593070984,456.0,417.24241747431296,461.51347754728494,12411.0,10248.82666015625,1289072.0,transfer,logs/train/transfer/single/legs_factorgrad_full/drjohnson/curves.csv.xz,Main and appendix cross-host paired results
transfer/single/legs_factorgrad_full/flowers,legs_factorgrad_full,mipnerf360,flowers,single,22.01430320739746,0.6428280472755432,0.28269851207733154,663.0,628.0155006748976,291.640463447546,14762.0,10247.52587890625,2615845.0,transfer,logs/train/transfer/single/legs_factorgrad_full/flowers/curves.csv.xz,Main and appendix cross-host paired results
transfer/single/legs_factorgrad_full/garden,legs_factorgrad_full,mipnerf360,garden,single,28.097373962402344,0.8820669651031494,0.09042004495859146,970.0,929.3958567939472,215.05580996227926,22944.0,12924.29345703125,3174132.0,transfer,logs/train/transfer/single/legs_factorgrad_full/garden/curves.csv.xz,Main and appendix cross-host paired results
transfer/single/legs_factorgrad_full/kitchen,legs_factorgrad_full,mipnerf360,kitchen,single,32.42074203491211,0.9342806935310364,0.11799970269203186,982.0,935.0366722190022,234.67913836120346,22643.0,13909.47412109375,1314013.0,transfer,logs/train/transfer/single/legs_factorgrad_full/kitchen/curves.csv.xz,Main and appendix cross-host paired results
transfer/single/legs_factorgrad_full/playroom,legs_factorgrad_full,db,playroom,single,30.678115844726562,0.9127970337867737,0.2259523570537567,398.0,363.1827705979496,560.5568255688613,11219.0,8790.75537109375,885021.0,transfer,logs/train/transfer/single/legs_factorgrad_full/playroom/curves.csv.xz,Main and appendix cross-host paired results
transfer/single/legs_factorgrad_full/room,legs_factorgrad_full,mipnerf360,room,single,32.45823287963867,0.9294441342353821,0.1951526254415512,561.0,513.539946150739,399.0602890953773,15283.0,12465.32470703125,942960.0,transfer,logs/train/transfer/single/legs_factorgrad_full/room/curves.csv.xz,Main and appendix cross-host paired results
transfer/single/legs_factorgrad_full/stump,legs_factorgrad_full,mipnerf360,stump,single,27.45539093017578,0.8131051063537598,0.17602810263633728,584.0,552.3385367672666,322.8039124015445,13287.0,9292.05029296875,2288151.0,transfer,logs/train/transfer/single/legs_factorgrad_full/stump/curves.csv.xz,Main and appendix cross-host paired results
transfer/single/legs_factorgrad_full/train,legs_factorgrad_full,tnt,train,single,23.1331729888916,0.844388484954834,0.16933812201023102,557.0,517.9278474818257,279.05786356632257,13049.0,9077.9970703125,1380708.0,transfer,logs/train/transfer/single/legs_factorgrad_full/train/curves.csv.xz,Main and appendix cross-host paired results
transfer/single/legs_factorgrad_full/treehill,legs_factorgrad_full,mipnerf360,treehill,single,22.862186431884766,0.6599152088165283,0.27274248003959656,688.0,652.4429207382993,267.1979603541112,17623.0,10657.1083984375,3180768.0,transfer,logs/train/transfer/single/legs_factorgrad_full/treehill/curves.csv.xz,Main and appendix cross-host paired results
transfer/single/legs_factorgrad_full/truck,legs_factorgrad_full,tnt,truck,single,26.521190643310547,0.8944978713989258,0.13183633983135223,677.0,641.0898695334704,328.63258948621177,17412.0,10303.49560546875,1726327.0,transfer,logs/train/transfer/single/legs_factorgrad_full/truck/curves.csv.xz,Main and appendix cross-host paired results
transfer/single/legs_raw/bicycle,legs_raw,mipnerf360,bicycle,single,25.75281524658203,0.801320493221283,0.16610242426395416,755.0,712.0610083131683,250.74009956144968,18054.0,11756.02197265625,3410664.0,transfer,logs/train/transfer/single/legs_raw/bicycle/curves.csv.xz,Main and appendix cross-host paired results
transfer/single/legs_raw/bonsai,legs_raw,mipnerf360,bonsai,single,33.46598815917969,0.9525769352912903,0.17716990411281586,730.0,682.4595595102787,318.29174135190647,17349.0,13196.9326171875,1237514.0,transfer,logs/train/transfer/single/legs_raw/bonsai/curves.csv.xz,Main and appendix cross-host paired results
transfer/single/legs_raw/counter,legs_raw,mipnerf360,counter,single,29.855070114135742,0.919430673122406,0.17819684743881226,592.0,552.0135732104212,335.2492577412827,12894.0,9881.005859375,810622.0,transfer,logs/train/transfer/single/legs_raw/counter/curves.csv.xz,Main and appendix cross-host paired results
transfer/single/legs_raw/drjohnson,legs_raw,db,drjohnson,single,29.86873435974121,0.9108750224113464,0.22731254994869232,472.0,432.8216791135024,479.4263965077294,12654.0,10285.41845703125,1321971.0,transfer,logs/train/transfer/single/legs_raw/drjohnson/curves.csv.xz,Main and appendix cross-host paired results
transfer/single/legs_raw/flowers,legs_raw,mipnerf360,flowers,single,21.98576545715332,0.6438022255897522,0.2807864248752594,669.0,632.1920338125863,289.730117584031,15020.0,10189.30078125,2631212.0,transfer,logs/train/transfer/single/legs_raw/flowers/curves.csv.xz,Main and appendix cross-host paired results
transfer/single/legs_raw/garden,legs_raw,mipnerf360,garden,single,28.04070281982422,0.8816669583320618,0.08957469463348389,1000.0,958.1566962906786,216.48869839539512,22810.0,12916.84326171875,3356479.0,transfer,logs/train/transfer/single/legs_raw/garden/curves.csv.xz,Main and appendix cross-host paired results
transfer/single/legs_raw/kitchen,legs_raw,mipnerf360,kitchen,single,32.71110534667969,0.936370849609375,0.11495636403560638,1017.0,970.285862668518,226.3321196776867,23591.0,13955.10986328125,1433667.0,transfer,logs/train/transfer/single/legs_raw/kitchen/curves.csv.xz,Main and appendix cross-host paired results
transfer/single/legs_raw/playroom,legs_raw,db,playroom,single,30.521141052246094,0.9118651151657104,0.22466464340686798,402.0,366.4427296369507,549.484769365336,10526.0,8066.6748046875,891045.0,transfer,logs/train/transfer/single/legs_raw/playroom/curves.csv.xz,Main and appendix cross-host paired results
transfer/single/legs_raw/room,legs_raw,mipnerf360,room,single,32.61243438720703,0.9307554960250854,0.19217072427272797,581.0,534.4174427117615,358.7224286102455,14590.0,12182.82666015625,1018137.0,transfer,logs/train/transfer/single/legs_raw/room/curves.csv.xz,Main and appendix cross-host paired results
transfer/single/legs_raw/stump,legs_raw,mipnerf360,stump,single,27.38901138305664,0.8105126619338989,0.17688655853271484,583.0,551.293709616811,319.9651730616073,12468.0,9190.5,2258553.0,transfer,logs/train/transfer/single/legs_raw/stump/curves.csv.xz,Main and appendix cross-host paired results
transfer/single/legs_raw/train,legs_raw,tnt,train,single,22.758134841918945,0.842383861541748,0.16684593260288239,563.0,525.3251042808104,264.3788828227954,13790.0,9074.76171875,1447315.0,transfer,logs/train/transfer/single/legs_raw/train/curves.csv.xz,Main and appendix cross-host paired results
transfer/single/legs_raw/treehill,legs_raw,mipnerf360,treehill,single,22.69526481628418,0.6558606624603271,0.2712289094924927,708.0,671.6528019100816,262.31300729907315,17507.0,10675.61767578125,3213903.0,transfer,logs/train/transfer/single/legs_raw/treehill/curves.csv.xz,Main and appendix cross-host paired results
transfer/single/legs_raw/truck,legs_raw,tnt,truck,single,26.590394973754883,0.89644855260849,0.12364991009235382,703.0,666.635685542184,305.91991635002285,17099.0,10500.03125,1912305.0,transfer,logs/train/transfer/single/legs_raw/truck/curves.csv.xz,Main and appendix cross-host paired results
shorter_transfer/single/raw_shortergs/bicycle,raw_shortergs,mipnerf360,bicycle,single,25.1295891,0.7592649,0.223885,,229.2924919128418,256.9253662180936,17339.0,13577.18701171875,5987072,shorter_transfer,logs/train/shorter_transfer/single/raw_shortergs/bicycle/curves.csv.xz,Shorter-GS composition results
shorter_transfer/single/shortergs_factorgrad/bicycle,shortergs_factorgrad,mipnerf360,bicycle,single,25.1436405,0.7596919,0.223696,,231.426367521286,259.30689217587667,17057.0,13583.015625,5987072,shorter_transfer,logs/train/shorter_transfer/single/shortergs_factorgrad/bicycle/curves.csv.xz,Shorter-GS composition results
shorter_transfer/single/raw_shortergs/flowers,raw_shortergs,mipnerf360,flowers,single,21.6644039,0.6064062,0.3285666,,209.59557557106018,270.2064275740274,13093.0,10015.01806640625,3618304,shorter_transfer,logs/train/shorter_transfer/single/raw_shortergs/flowers/curves.csv.xz,Shorter-GS composition results
shorter_transfer/single/shortergs_factorgrad/flowers,shortergs_factorgrad,mipnerf360,flowers,single,21.7140408,0.6059928,0.3301013,,208.71513628959656,275.56005898702415,12831.0,10013.943359375,3618304,shorter_transfer,logs/train/shorter_transfer/single/shortergs_factorgrad/flowers/curves.csv.xz,Shorter-GS composition results
shorter_transfer/single/raw_shortergs/garden,raw_shortergs,mipnerf360,garden,single,27.1467342,0.8582603,0.1135155,,291.80172204971313,174.1280408986448,18391.0,13343.505859375,5728128,shorter_transfer,logs/train/shorter_transfer/single/raw_shortergs/garden/curves.csv.xz,Shorter-GS composition results
shorter_transfer/single/shortergs_factorgrad/garden,shortergs_factorgrad,mipnerf360,garden,single,27.15065,0.8569205,0.1159515,,293.42397952079773,173.00836822062686,17707.0,13337.8779296875,5728128,shorter_transfer,logs/train/shorter_transfer/single/shortergs_factorgrad/garden/curves.csv.xz,Shorter-GS composition results
shorter_transfer/single/raw_shortergs/stump,raw_shortergs,mipnerf360,stump,single,26.5815754,0.7653064,0.2411447,,159.14519262313843,302.20683624360254,12905.0,10094.8251953125,4867328,shorter_transfer,logs/train/shorter_transfer/single/raw_shortergs/stump/curves.csv.xz,Shorter-GS composition results
shorter_transfer/single/shortergs_factorgrad/stump,shortergs_factorgrad,mipnerf360,stump,single,26.7008324,0.767616,0.2412441,,159.3780074119568,294.544564859855,12891.0,10094.6611328125,4867328,shorter_transfer,logs/train/shorter_transfer/single/shortergs_factorgrad/stump/curves.csv.xz,Shorter-GS composition results
shorter_transfer/single/raw_shortergs/treehill,raw_shortergs,mipnerf360,treehill,single,22.3981419,0.6196659,0.3453431,,199.6121416091919,286.6450899172857,12597.0,9264.80908203125,3770240,shorter_transfer,logs/train/shorter_transfer/single/raw_shortergs/treehill/curves.csv.xz,Shorter-GS composition results
shorter_transfer/single/shortergs_factorgrad/treehill,shortergs_factorgrad,mipnerf360,treehill,single,22.5231628,0.6184074,0.348811,,197.54462122917175,302.4177373245045,12865.0,9264.9912109375,3770240,shorter_transfer,logs/train/shorter_transfer/single/shortergs_factorgrad/treehill/curves.csv.xz,Shorter-GS composition results
shorter_transfer/single/raw_shortergs/room,raw_shortergs,mipnerf360,room,single,30.7387352,0.9150413,0.2240482,,141.50961828231812,299.5802788287597,19225.0,15786.12890625,1548928,shorter_transfer,logs/train/shorter_transfer/single/raw_shortergs/room/curves.csv.xz,Shorter-GS composition results
shorter_transfer/single/shortergs_factorgrad/room,shortergs_factorgrad,mipnerf360,room,single,30.7803497,0.9135851,0.227018,,137.74979090690613,307.1868436403906,18573.0,15780.25244140625,1548928,shorter_transfer,logs/train/shorter_transfer/single/shortergs_factorgrad/room/curves.csv.xz,Shorter-GS composition results
shorter_transfer/single/raw_shortergs/counter,raw_shortergs,mipnerf360,counter,single,28.7669735,0.9015432,0.2078577,,157.45769810676575,251.66557923939882,15521.0,12487.77099609375,1190912,shorter_transfer,logs/train/shorter_transfer/single/raw_shortergs/counter/curves.csv.xz,Shorter-GS composition results
shorter_transfer/single/shortergs_factorgrad/counter,shortergs_factorgrad,mipnerf360,counter,single,28.711565,0.8993598,0.2113315,,155.37888860702515,255.8513752254333,15279.0,12488.2314453125,1190912,shorter_transfer,logs/train/shorter_transfer/single/shortergs_factorgrad/counter/curves.csv.xz,Shorter-GS composition results
shorter_transfer/single/raw_shortergs/kitchen,raw_shortergs,mipnerf360,kitchen,single,31.2278881,0.9248315,0.1282745,,208.97130274772644,216.2200207633158,18433.0,14523.03271484375,1803648,shorter_transfer,logs/train/shorter_transfer/single/raw_shortergs/kitchen/curves.csv.xz,Shorter-GS composition results
shorter_transfer/single/shortergs_factorgrad/kitchen,shortergs_factorgrad,mipnerf360,kitchen,single,30.2790318,0.9018528,0.1479206,,207.63638734817505,217.14535312863555,18723.0,14527.0986328125,1803648,shorter_transfer,logs/train/shorter_transfer/single/shortergs_factorgrad/kitchen/curves.csv.xz,Shorter-GS composition results
shorter_transfer/single/raw_shortergs/bonsai,raw_shortergs,mipnerf360,bonsai,single,31.6082935,0.9350702,0.2100807,,138.06636691093445,307.0299147625906,17289.0,14642.740234375,1252352,shorter_transfer,logs/train/shorter_transfer/single/raw_shortergs/bonsai/curves.csv.xz,Shorter-GS composition results
shorter_transfer/single/shortergs_factorgrad/bonsai,shortergs_factorgrad,mipnerf360,bonsai,single,31.4428387,0.933965,0.2129208,,137.14685153961182,308.4583616177093,17163.0,14640.66552734375,1252352,shorter_transfer,logs/train/shorter_transfer/single/shortergs_factorgrad/bonsai/curves.csv.xz,Shorter-GS composition results
shorter_transfer/single/raw_shortergs/truck,raw_shortergs,tnt,truck,single,25.2435398,0.876133,0.1438546,,191.5250289440155,255.68047743070107,10289.0,7228.28125,2584064,shorter_transfer,logs/train/shorter_transfer/single/raw_shortergs/truck/curves.csv.xz,Shorter-GS composition results
shorter_transfer/single/shortergs_factorgrad/truck,shortergs_factorgrad,tnt,truck,single,25.2372456,0.8750733,0.1471419,,190.31845378875732,251.67796148506196,10087.0,7223.482421875,2584064,shorter_transfer,logs/train/shorter_transfer/single/shortergs_factorgrad/truck/curves.csv.xz,Shorter-GS composition results
shorter_transfer/single/raw_shortergs/train,raw_shortergs,tnt,train,single,21.6323071,0.8108793,0.2003494,,193.91876101493835,278.95991927114625,8755.0,5705.68408203125,1085440,shorter_transfer,logs/train/shorter_transfer/single/raw_shortergs/train/curves.csv.xz,Shorter-GS composition results
shorter_transfer/single/shortergs_factorgrad/train,shortergs_factorgrad,tnt,train,single,21.7589207,0.8098713,0.2055747,,192.40427780151367,284.98928072239715,8419.0,5698.22119140625,1085440,shorter_transfer,logs/train/shorter_transfer/single/shortergs_factorgrad/train/curves.csv.xz,Shorter-GS composition results
shorter_transfer/single/raw_shortergs/drjohnson,raw_shortergs,db,drjohnson,single,28.9311008,0.893212,0.2507848,,136.18199062347412,282.0239784957968,16617.0,13099.755859375,3273600,shorter_transfer,logs/train/shorter_transfer/single/raw_shortergs/drjohnson/curves.csv.xz,Shorter-GS composition results
shorter_transfer/single/shortergs_factorgrad/drjohnson,shortergs_factorgrad,db,drjohnson,single,28.9317608,0.8948708,0.2525121,,135.44854760169983,288.35735550557894,17643.0,13087.298828125,3273600,shorter_transfer,logs/train/shorter_transfer/single/shortergs_factorgrad/drjohnson/curves.csv.xz,Shorter-GS composition results
shorter_transfer/single/raw_shortergs/playroom,raw_shortergs,db,playroom,single,29.911272,0.9002484,0.2463089,,117.98799204826355,345.4023985631496,12815.0,9733.65380859375,2326016,shorter_transfer,logs/train/shorter_transfer/single/raw_shortergs/playroom/curves.csv.xz,Shorter-GS composition results
shorter_transfer/single/shortergs_factorgrad/playroom,shortergs_factorgrad,db,playroom,single,29.9657516,0.9015092,0.2483538,,117.6938054561615,358.7634961072403,12749.0,9740.02490234375,2326016,shorter_transfer,logs/train/shorter_transfer/single/shortergs_factorgrad/playroom/curves.csv.xz,Shorter-GS composition results
vanilla_full_boundary/single/vanilla_full/drjohnson,vanilla_full,db,drjohnson,single,29.444351196289062,0.9035757780075073,0.2394677698612213,,2028.49504415493,,,,3087817.0,vanilla_full_boundary,logs/train/vanilla_full_boundary/single/vanilla_full/drjohnson/curves.csv.xz,Vanilla Full slower-than-Late boundary reported in the host discussion
vanilla_full_boundary/single/vanilla_full/playroom,vanilla_full,db,playroom,single,29.886747360229492,0.9015037417411804,0.24501076340675354,,1518.0000983010978,,,,1928715.0,vanilla_full_boundary,logs/train/vanilla_full_boundary/single/vanilla_full/playroom/curves.csv.xz,Vanilla Full slower-than-Late boundary reported in the host discussion
vanilla_full_boundary/single/vanilla_full/bicycle,vanilla_full,mipnerf360,bicycle,single,25.132837295532227,0.7483472228050232,0.2424110621213913,,2485.545877240016,,,,4780812.0,vanilla_full_boundary,logs/train/vanilla_full_boundary/single/vanilla_full/bicycle/curves.csv.xz,Vanilla Full slower-than-Late boundary reported in the host discussion
vanilla_full_boundary/single/vanilla_full/bonsai,vanilla_full,mipnerf360,bonsai,single,32.21247100830078,0.9453474283218384,0.18190312385559082,,1344.0847456749761,,,,1083755.0,vanilla_full_boundary,logs/train/vanilla_full_boundary/single/vanilla_full/bonsai/curves.csv.xz,Vanilla Full slower-than-Late boundary reported in the host discussion
vanilla_full_boundary/single/vanilla_full/counter,vanilla_full,mipnerf360,counter,single,29.03182029724121,0.9127160906791687,0.1855071485042572,,1662.7557277570013,,,,1072652.0,vanilla_full_boundary,logs/train/vanilla_full_boundary/single/vanilla_full/counter/curves.csv.xz,Vanilla Full slower-than-Late boundary reported in the host discussion
vanilla_full_boundary/single/vanilla_full/flowers,vanilla_full,mipnerf360,flowers,single,21.368457794189453,0.5879167318344116,0.3589383661746979,,1713.980752415955,,,,2886043.0,vanilla_full_boundary,logs/train/vanilla_full_boundary/single/vanilla_full/flowers/curves.csv.xz,Vanilla Full slower-than-Late boundary reported in the host discussion
vanilla_full_boundary/single/vanilla_full/garden,vanilla_full,mipnerf360,garden,single,27.28620719909668,0.8557061553001404,0.1228320524096489,,2495.446623498923,,,,4445737.0,vanilla_full_boundary,logs/train/vanilla_full_boundary/single/vanilla_full/garden/curves.csv.xz,Vanilla Full slower-than-Late boundary reported in the host discussion
vanilla_full_boundary/single/vanilla_full/kitchen,vanilla_full,mipnerf360,kitchen,single,31.275625228881836,0.9303140640258789,0.11807592958211899,,2033.9569426620146,,,,1604887.0,vanilla_full_boundary,logs/train/vanilla_full_boundary/single/vanilla_full/kitchen/curves.csv.xz,Vanilla Full slower-than-Late boundary reported in the host discussion
vanilla_full_boundary/single/vanilla_full/room,vanilla_full,mipnerf360,room,single,31.553945541381836,0.9253767728805542,0.197676882147789,,1718.595958246966,,,,1265659.0,vanilla_full_boundary,logs/train/vanilla_full_boundary/single/vanilla_full/room/curves.csv.xz,Vanilla Full slower-than-Late boundary reported in the host discussion
vanilla_full_boundary/single/vanilla_full/stump,vanilla_full,mipnerf360,stump,single,26.783742904663086,0.7714349627494812,0.2420729547739029,,1908.1713521879865,,,,4193958.0,vanilla_full_boundary,logs/train/vanilla_full_boundary/single/vanilla_full/stump/curves.csv.xz,Vanilla Full slower-than-Late boundary reported in the host discussion
vanilla_full_boundary/single/vanilla_full/treehill,vanilla_full,mipnerf360,treehill,single,22.63105010986328,0.6364500522613525,0.34770476818084717,,1824.086232499918,,,,3031353.0,vanilla_full_boundary,logs/train/vanilla_full_boundary/single/vanilla_full/treehill/curves.csv.xz,Vanilla Full slower-than-Late boundary reported in the host discussion
vanilla_full_boundary/single/vanilla_full/train,vanilla_full,tnt,train,single,22.075679779052734,0.8159936666488647,0.20168854296207428,,937.2278388249688,,,,1091062.0,vanilla_full_boundary,logs/train/vanilla_full_boundary/single/vanilla_full/train/curves.csv.xz,Vanilla Full slower-than-Late boundary reported in the host discussion
vanilla_full_boundary/single/vanilla_full/truck,vanilla_full,tnt,truck,single,25.39312171936035,0.8794122934341431,0.1459810584783554,,1133.1963893839857,,,,2083258.0,vanilla_full_boundary,logs/train/vanilla_full_boundary/single/vanilla_full/truck/curves.csv.xz,Vanilla Full slower-than-Late boundary reported in the host discussion
mechanism/single/factorgrad_full/train,factorgrad_full,tnt,train,single,22.258581161499023,0.800112783908844,0.24889619648456573,132.0,120.72507906623957,,5854.0,2681.8525390625,222743.0,mechanism,logs/train/mechanism/single/factorgrad_full/train/curves.csv.xz,"Gradient, topology and runtime mechanism experiments"
mechanism/single/factorgrad_full/kitchen,factorgrad_full,mipnerf360,kitchen,single,31.657155990600586,0.9271813631057739,0.1288982778787613,283.0,243.98528072901286,,12086.0,7103.16162109375,379779.0,mechanism,logs/train/mechanism/single/factorgrad_full/kitchen/curves.csv.xz,"Gradient, topology and runtime mechanism experiments"
mechanism/single/factorgrad_full/drjohnson,factorgrad_full,db,drjohnson,single,29.523008346557617,0.8973713517189026,0.27934107184410095,139.0,125.69454627903595,,7824.0,4795.3623046875,244949.0,mechanism,logs/train/mechanism/single/factorgrad_full/drjohnson/curves.csv.xz,"Gradient, topology and runtime mechanism experiments"
mechanism/single/factorgrad_full/bicycle,factorgrad_full,mipnerf360,bicycle,single,24.719646453857422,0.7109250426292419,0.3140367269515991,238.0,184.9415782287295,,8260.0,5497.13330078125,537339.0,mechanism,logs/train/mechanism/single/factorgrad_full/bicycle/curves.csv.xz,"Gradient, topology and runtime mechanism experiments"
mechanism/single/skipgs/train,skipgs,tnt,train,single,22.340612411499023,0.8003286719322205,0.24591156840324402,137.0,125.15659387322215,,6418.0,2684.49462890625,229999.0,mechanism,logs/train/mechanism/single/skipgs/train/curves.csv.xz,"Gradient, topology and runtime mechanism experiments"
mechanism/single/skipgs/kitchen,skipgs,mipnerf360,kitchen,single,31.71608543395996,0.9278135895729065,0.12785424292087555,292.0,253.12544812872937,,11648.0,7085.76513671875,377728.0,mechanism,logs/train/mechanism/single/skipgs/kitchen/curves.csv.xz,"Gradient, topology and runtime mechanism experiments"
mechanism/single/skipgs/drjohnson,skipgs,db,drjohnson,single,29.423561096191406,0.8973308205604553,0.2774827480316162,145.0,131.9351421662409,,8118.0,4786.14208984375,247894.0,mechanism,logs/train/mechanism/single/skipgs/drjohnson/curves.csv.xz,"Gradient, topology and runtime mechanism experiments"
mechanism/single/skipgs/bicycle,skipgs,mipnerf360,bicycle,single,24.779743194580078,0.7125664353370667,0.3128228485584259,246.0,192.69691167247706,,8533.0,5488.5634765625,538426.0,mechanism,logs/train/mechanism/single/skipgs/bicycle/curves.csv.xz,"Gradient, topology and runtime mechanism experiments"
